"","pair","from","to","n","cumsum","percent","lat_from","lon_from","lat_to","lon_to","dist"
"1","AEP-COR","AEP","COR",20570,0.0804751043594268,0.0804751043594268,-34.5592,-58.4156,-31.323601,-64.208,649.131068000237
"2","AEP-BRC","AEP","BRC",15187,0.139890535079243,0.059415430719816,-34.5592,-58.4156,-41.1511993408,-71.1575012207,1335.25291323595
"3","AEP-MDZ","AEP","MDZ",15037,0.198719127410439,0.0588285923311959,-34.5592,-58.4156,-32.8316993713,-68.7929000854,978.593522270588
"4","AEP-SLA","AEP","SLA",12901,0.249191141087685,0.0504720136772467,-34.5592,-58.4156,-24.8560009003,-65.4861984253,1275.96916558133
"5","AEP-IGR","AEP","IGR",12523,0.29818432202561,0.0489931809379242,-34.5592,-58.4156,-25.7373008728,-54.473400116,1051.36156141707
"6","AEP-NQN","AEP","NQN",11198,0.341993763864057,0.0438094418384473,-34.5592,-58.4156,-38.9490013123,-68.1557006836,994.797266841656
"7","AEP-CRD","AEP","CRD",8547,0.375431815247626,0.0334380513835693,-34.5592,-58.4156,-45.7853,-67.4655,1463.89865362164
"8","AEP-TUC","AEP","TUC",8426,0.408396483664375,0.0329646684167492,-34.5592,-58.4156,-26.8409,-65.104897,1069.68446118843
"9","AEP-USH","AEP","USH",7485,0.437679719256515,0.0292832355921395,-34.5592,-58.4156,-54.8433,-68.2958,2381.38232211113
"10","AEP-BHI","AEP","BHI",6858,0.464509970384223,0.0268302511277078,-34.5592,-58.4156,-38.725,-62.1693,571.476873342855
"11","AEP-FTE","AEP","FTE",5627,0.486524234469322,0.0220142640850994,-34.5592,-58.4156,-50.2803,-72.053101,2068.49611997712
"12","AEP-RES","AEP","RES",5060,0.506320249445438,0.0197960149761157,-34.5592,-58.4156,-27.45,-59.0561,792.854187864759
"13","AEP-MDQ","AEP","MDQ",4424,0.523628069653804,0.0173078202083667,-34.5592,-58.4156,-37.9342,-57.5733,382.803257005086
"14","AEP-JUJ","AEP","JUJ",4320,0.540529015246061,0.0169009455922569,-34.5592,-58.4156,-24.3927993774,-65.0978012085,1301.56423908006
"15","AEP-UAQ","AEP","UAQ",4277,0.55726173383358,0.0167327185875191,-34.5592,-58.4156,-31.571501,-68.418198,988.985039468328
"16","AEP-PSS","AEP","PSS",3907,0.57254691772917,0.0152851838955897,-34.5592,-58.4156,-27.3858,-55.9707,830.916908497093
"17","COR-EZE","COR","EZE",3720,0.587100509766947,0.0145535920377767,-31.323601,-64.208,-34.8222,-58.5358,656.063174562069
"18","AEP-REL","AEP","REL",3711,0.601618891501406,0.0145183817344595,-34.5592,-58.4156,-43.2105,-65.2703,1129.28336443293
"19","AEP-RGL","AEP","RGL",3690,0.616055115861459,0.0144362243600527,-34.5592,-58.4156,-51.6089,-69.3126,2086.912120765
"20","EZE-MDZ","EZE","MDZ",3459,0.629587609103037,0.0135324932415779,-34.8222,-58.5358,-32.8316993713,-68.7929000854,972.48769790091
"21","AEP-ROS","AEP","ROS",2999,0.641320464619514,0.0117328555164765,-34.5592,-58.4156,-32.9036,-60.785,286.16493512126
"22","COR-MDZ","COR","MDZ",2961,0.652904654410873,0.0115841897913594,-31.323601,-64.208,-32.8316993713,-68.7929000854,463.334584364926
"23","AEP-EZE","AEP","EZE",2836,0.663999812211716,0.0110951578008427,-34.5592,-58.4156,-34.8222,-58.5358,31.2410023753717
"24","AEP-FMA","AEP","FMA",2781,0.674879795936731,0.0108799837250154,-34.5592,-58.4156,-26.2127,-58.2281,928.262077184171
"25","AEP-PRA","AEP","PRA",2641,0.685212063832368,0.0103322678956367,-34.5592,-58.4156,-31.7948,-60.4804,362.488287183049
"26","FTE-USH","FTE","USH",2574,0.695282210581087,0.0100701467487197,-50.2803,-72.053101,-54.8433,-68.2958,567.202602072938
"27","AEP-LUQ","AEP","LUQ",2551,0.705262375443552,0.00998016486246464,-34.5592,-58.4156,-33.2732009888,-66.3563995361,746.349851770207
"28","AEP-SDE","AEP","SDE",2464,0.714902174040617,0.00963979859706503,-34.5592,-58.4156,-27.7655563354,-64.3099975586,940.40642262671
"29","AEP-CNQ","AEP","CNQ",2424,0.724385482400717,0.00948330836009968,-34.5592,-58.4156,-27.4455,-58.7619,791.693818310053
"30","EZE-ROS","EZE","ROS",2337,0.733528424495417,0.00914294209470007,-34.8222,-58.5358,-32.9036,-60.785,297.71042490318
"31","MDZ-NQN","MDZ","NQN",2239,0.742287965509552,0.00875954101413498,-32.8316993713,-68.7929000854,-38.9490013123,-68.1557006836,682.624694273032
"32","AEP-RCU","AEP","RCU",1925,0.749819058163509,0.00753109265395705,-34.5592,-58.4156,-33.0850982666,-64.2612991333,564.235864221372
"33","AEP-RGA","AEP","RGA",1829,0.756974574248749,0.00715551608524023,-34.5592,-58.4156,-53.7777,-67.7494,2258.39334416189
"34","BRC-EZE","BRC","EZE",1778,0.763930565281858,0.00695599103310942,-41.1511993408,-71.1575012207,-34.8222,-58.5358,1308.98105375333
"35","AEP-IRJ","AEP","IRJ",1753,0.770788749916865,0.00685818463500608,-34.5592,-58.4156,-29.3815994263,-66.7957992554,977.295189268469
"36","AEP-CPC","AEP","CPC",1674,0.777337866333864,0.00654911641699953,-34.5592,-58.4156,-40.0754013062,-71.137298584,1279.55918543179
"37","AEP-PMY","AEP","PMY",1579,0.783515318438071,0.00617745210420685,-34.5592,-58.4156,-42.7592,-65.1027,1080.13124649321
"38","AEP-CTC","AEP","CTC",1571,0.789661472494885,0.00614615405681378,-34.5592,-58.4156,-28.5956001282,-65.751701355,959.989453449234
"39","EZE-SLA","EZE","SLA",1495,0.795510295101464,0.00584882260657963,-34.8222,-58.5358,-24.8560009003,-65.4861984253,1294.26295118824
"40","CRD-NQN","CRD","NQN",1485,0.801319995148803,0.0058097000473383,-45.7853,-67.4655,-38.9490013123,-68.1557006836,762.264920685486
"41","AEP-AFA","AEP","AFA",1458,0.807024064286189,0.00570406913738669,-34.5592,-58.4156,-34.588299,-68.4039,914.135927653481
"42","EZE-IGR","EZE","IGR",1456,0.812720308911728,0.00569624462553842,-34.8222,-58.5358,-25.7373008728,-54.473400116,1082.59094232567
"43","COR-SLA","COR","SLA",1311,0.817849276428267,0.00512896751653906,-31.323601,-64.208,-24.8560009003,-65.4861984253,729.991995696251
"44","AEP-EQS","AEP","EQS",1302,0.822943033641489,0.00509375721322186,-34.5592,-58.4156,-42.908000946,-71.139503479,1439.30533463219
"45","AEP-RSA","AEP","RSA",1254,0.827849002570352,0.00490596892886345,-34.5592,-58.4156,-36.588299,-64.275703,575.891441627817
"46","BRC-COR","BRC","COR",1101,0.832156396342823,0.00430739377247102,-41.1511993408,-71.1575012207,-31.323601,-64.208,1256.97483402678
"47","COR-ROS","COR","ROS",1089,0.836416843044205,0.00426044670138142,-31.323601,-64.208,-32.9036,-60.785,367.116310292154
"48","EZE-MDQ","EZE","MDQ",1082,0.840649903954117,0.00423306090991248,-34.8222,-58.5358,-37.9342,-57.5733,356.598916921949
"49","COR-IGR","COR","IGR",1078,0.844867315840333,0.00421741188621595,-31.323601,-64.208,-25.7373008728,-54.473400116,1135.06945015119
"50","BHI-MDQ","BHI","MDQ",1070,0.849053429679156,0.00418611383882288,-38.725,-62.1693,-37.9342,-57.5733,410.378752454714
"51","COR-CRD","COR","CRD",1065,0.853219982238358,0.00416655255920221,-31.323601,-64.208,-45.7853,-67.4655,1632.4419025594
"52","AEP-SFN","AEP","SFN",1046,0.857312201935002,0.00409221969664368,-34.5592,-58.4156,-31.7117,-60.8117,387.303687839139
"53","EZE-RGA","EZE","RGA",1013,0.861275317186149,0.00396311525114727,-34.8222,-58.5358,-53.7777,-67.7494,2227.25138914169
"54","JUJ-SLA","JUJ","SLA",998,0.865179748598434,0.00390443141228527,-24.3927993774,-65.0978012085,-24.8560009003,-65.4861984253,64.7625297812951
"55","AEP-FDO","AEP","FDO",995,0.869072443242947,0.00389269464451287,-34.5592,-58.4156,-34.4532,-58.5896,19.8276163502763
"56","COR-NQN","COR","NQN",960,0.872828208930115,0.00375576568716819,-31.323601,-64.208,-38.9490013123,-68.1557006836,920.499674374544
"57","COR-USH","COR","USH",937,0.876493992731028,0.00366578380091312,-31.323601,-64.208,-54.8433,-68.2958,2635.17766472277
"58","AEP-VDM","AEP","VDM",936,0.880155864276017,0.00366187154498899,-34.5592,-58.4156,-40.8692,-63.0004,808.982256697962
"59","MDZ-ROS","MDZ","ROS",927,0.883782525517689,0.00362666124167179,-32.8316993713,-68.7929000854,-32.9036,-60.785,747.765394969782
"60","COR-RES","COR","RES",898,0.887295731337561,0.00351320581987191,-31.323601,-64.208,-27.45,-59.0561,659.129458102708
"61","COR-JUJ","COR","JUJ",880,0.890738516550799,0.00344278521323751,-31.323601,-64.208,-24.3927993774,-65.0978012085,775.607407334201
"62","BRC-ROS","BRC","ROS",876,0.89416565274034,0.00342713618954097,-41.1511993408,-71.1575012207,-32.9036,-60.785,1297.72887637695
"63","BRC-FTE","BRC","FTE",811,0.897338492294812,0.0031728395544723,-41.1511993408,-71.1575012207,-50.2803,-72.053101,1017.46738175302
"64","IGR-SLA","IGR","SLA",802,0.900476121545967,0.00313762925115509,-25.7373008728,-54.473400116,-24.8560009003,-65.4861984253,1111.13994624616
"65","EZE-REL","EZE","REL",769,0.903484646351626,0.00300852480565869,-34.8222,-58.5358,-43.2105,-65.2703,1098.43763250006
"66","EZE-USH","EZE","USH",747,0.906407101526953,0.00292245517532775,-34.8222,-58.5358,-54.8433,-68.2958,2350.25516539694
"67","CRD-RGL","CRD","RGL",724,0.909239574816026,0.00283247328907268,-45.7853,-67.4655,-51.6089,-69.3126,661.533532127849
"68","IGR-ROS","IGR","ROS",722,0.912064223593251,0.00282464877722441,-25.7373008728,-54.473400116,-32.9036,-60.785,1004.1778111806
"69","MDZ-SLA","MDZ","SLA",672,0.914693259574268,0.00262903598101773,-32.8316993713,-68.7929000854,-24.8560009003,-65.4861984253,943.355314505542
"70","CTC-IRJ","CTC","IRJ",664,0.917290997507893,0.00259773793362467,-28.5956001282,-65.751701355,-29.3815994263,-66.7957992554,133.982351494615
"71","CRD-REL","CRD","REL",662,0.919880910929669,0.0025899134217764,-45.7853,-67.4655,-43.2105,-65.2703,335.055216774157
"72","REL-USH","REL","USH",643,0.922396491488887,0.00251558055921786,-43.2105,-65.2703,-54.8433,-68.2958,1311.86278063343
"73","BRC-VDM","BRC","VDM",634,0.924876861744788,0.00248037025590066,-41.1511993408,-71.1575012207,-40.8692,-63.0004,684.903753202502
"74","COR-TUC","COR","TUC",633,0.927353319744764,0.00247645799997653,-31.323601,-64.208,-26.8409,-65.104897,506.008671647031
"75","ROS-SLA","ROS","SLA",603,0.929712410067017,0.00235909032225252,-32.9036,-60.785,-24.8560009003,-65.4861984253,1004.78712832676
"76","BHI-REL","BHI","REL",593,0.932032377830028,0.00231996776301119,-38.725,-62.1693,-43.2105,-65.2703,562.525627904276
"77","NQN-NQN","NQN","NQN",563,0.934234977915315,0.00220260008528718,-38.9490013123,-68.1557006836,-38.9490013123,-68.1557006836,0
"78","EZE-FTE","EZE","FTE",536,0.936331947090651,0.00209696917533557,-34.8222,-58.5358,-50.2803,-72.053101,2037.53531346318
"79","BHI-USH","BHI","USH",461,0.938135497071676,0.00180354998102556,-38.725,-62.1693,-54.8433,-68.2958,1850.23976012274
"80","EZE-FDO","EZE","FDO",455,0.939915573517157,0.00178007644548076,-34.8222,-58.5358,-34.4532,-58.5896,41.3250885577196
"81","AEP-RCQ","AEP","RCQ",410,0.941519598446052,0.00160402492889475,-34.5592,-58.4156,-29.2103,-59.68,606.614575003918
"82","BRC-FDO","BRC","FDO",353,0.942900624787271,0.00138102634121914,-41.1511993408,-71.1575012207,-34.4532,-58.5896,1329.74280827511
"83","MDZ-UAQ","MDZ","UAQ",353,0.94428165112849,0.00138102634121914,-32.8316993713,-68.7929000854,-31.571501,-68.418198,144.494417591009
"84","COR-FTE","COR","FTE",338,0.945603993630847,0.00132234250235713,-31.323601,-64.208,-50.2803,-72.053101,2205.89803864938
"85","RGA-RGL","RGA","RGL",336,0.946918511621356,0.00131451799050887,-53.7777,-67.7494,-51.6089,-69.3126,263.149650800657
"86","FDO-MDQ","FDO","MDQ",334,0.948225205100017,0.0013066934786606,-34.4532,-58.5896,-37.9342,-57.5733,397.660020448166
"87","CRD-LHS","CRD","LHS",333,0.949527986322753,0.00130278122273647,-45.7853,-67.4655,-46.5382995605,-68.9653015137,142.659810823816
"88","COR-RCU","COR","RCU",314,0.950756434682931,0.00122844836017793,-31.323601,-64.208,-33.0850982666,-64.2612991333,195.933734173121
"89","FDO-ROS","FDO","ROS",309,0.951965321763488,0.00120888708055726,-34.4532,-58.5896,-32.9036,-60.785,266.365527443905
"90","FTE-ROS","FTE","ROS",309,0.953174208844046,0.00120888708055726,-50.2803,-72.053101,-32.9036,-60.785,2141.84272572191
"91","COR-MDQ","COR","MDQ",305,0.954367446900906,0.00119323805686073,-31.323601,-64.208,-37.9342,-57.5733,952.736456583557
"92","FDO-MDZ","FDO","MDZ",292,0.955509825630753,0.00114237872984699,-34.4532,-58.5896,-32.8316993713,-68.7929000854,961.135628841924
"93","COR-FDO","COR","FDO",242,0.956456591564394,0.000946765933640315,-31.323601,-64.208,-34.4532,-58.5896,629.363151295753
"94","COR-REL","COR","REL",239,0.957391620730262,0.000935029165867914,-31.323601,-64.208,-43.2105,-65.2703,1325.06861055281
"95","BRC-NQN","BRC","NQN",228,0.958283615080964,0.000891994350702446,-41.1511993408,-71.1575012207,-38.9490013123,-68.1557006836,353.85757684778
"96","FDO-RES","FDO","RES",218,0.959136486872425,0.00085287179146111,-34.4532,-58.5896,-27.45,-59.0561,779.986659137711
"97","FTE-FTE","FTE","FTE",216,0.959981534152038,0.000845047279612843,-50.2803,-72.053101,-50.2803,-72.053101,0
"98","BHI-NQN","BHI","NQN",210,0.960803107896106,0.000821573744068042,-38.725,-62.1693,-38.9490013123,-68.1557006836,519.00685059144
"99","CRD-FDO","CRD","FDO",203,0.961597295848705,0.000794187952599107,-45.7853,-67.4655,-34.4532,-58.5896,1466.66214422786
"100","MDQ-TUC","MDQ","TUC",196,0.962364098009835,0.000766802161130172,-37.9342,-57.5733,-26.8409,-65.104897,1420.57709226364
"101","NQN-PMQ","NQN","PMQ",189,0.963103514379497,0.000739416369661238,-38.9490013123,-68.1557006836,-46.5378990173,-70.9786987305,874.608414528436
"102","FTE-REL","FTE","REL",187,0.96383510623731,0.000731591857812971,-50.2803,-72.053101,-43.2105,-65.2703,939.915208672862
"103","FDO-PSS","FDO","PSS",178,0.964531487791805,0.000696381554495769,-34.4532,-58.5896,-27.3858,-55.9707,824.511691679126
"104","EZE-UAQ","EZE","UAQ",161,0.965161360995591,0.000629873203785499,-34.8222,-58.5358,-31.571501,-68.418198,987.44237696906
"105","CRD-PMY","CRD","PMY",159,0.965783409687528,0.000622048691937232,-45.7853,-67.4655,-42.7592,-65.1027,385.460638354364
"106","JUJ-TUC","JUJ","TUC",155,0.966389809355769,0.000606399668240698,-24.3927993774,-65.0978012085,-26.8409,-65.104897,272.217298637724
"107","MDQ-ROS","MDQ","ROS",155,0.96699620902401,0.000606399668240698,-37.9342,-57.5733,-32.9036,-60.785,630.443639574437
"108","BHI-BRC","BHI","BRC",151,0.967586959668554,0.000590750644544164,-38.725,-62.1693,-41.1511993408,-71.1575012207,811.939049618861
"109","FTE-RGL","FTE","RGL",137,0.96812293873016,0.000535979061606294,-50.2803,-72.053101,-51.6089,-69.3126,242.232116701598
"110","FDO-UAQ","FDO","UAQ",135,0.968651093279918,0.000528154549758027,-34.4532,-58.5896,-31.571501,-68.418198,970.327764540977
"111","MDQ-MDQ","MDQ","MDQ",135,0.969179247829676,0.000528154549758027,-37.9342,-57.5733,-37.9342,-57.5733,0
"112","BRC-MDQ","BRC","MDQ",128,0.969680016587965,0.000500768758289092,-41.1511993408,-71.1575012207,-37.9342,-57.5733,1217.00131113783
"113","BRC-CRD","BRC","CRD",127,0.97017687309033,0.000496856502364959,-41.1511993408,-71.1575012207,-45.7853,-67.4655,595.063415627862
"114","FDO-REL","FDO","REL",126,0.970669817336771,0.000492944246440825,-34.4532,-58.5896,-43.2105,-65.2703,1131.82256130799
"115","EZE-PMY","EZE","PMY",125,0.971158849327288,0.000489031990516692,-34.8222,-58.5358,-42.7592,-65.1027,1049.36749617943
"116","MDQ-NQN","MDQ","NQN",122,0.971636144550032,0.000477295222744291,-37.9342,-57.5733,-38.9490013123,-68.1557006836,927.992313418668
"117","CRD-EZE","CRD","EZE",120,0.972105615260928,0.000469470710896024,-45.7853,-67.4655,-34.8222,-58.5358,1432.98613148281
"118","MDQ-MDZ","MDQ","MDZ",120,0.972575085971824,0.000469470710896024,-37.9342,-57.5733,-32.8316993713,-68.7929000854,1163.46476008301
"119","RGL-USH","RGL","USH",120,0.97304455668272,0.000469470710896024,-51.6089,-69.3126,-54.8433,-68.2958,365.952041298166
"120","FDO-PRA","FDO","PRA",113,0.973486641602147,0.000442084919427089,-34.4532,-58.5896,-31.7948,-60.4804,344.049974402243
"121","FDO-VDM","FDO","VDM",113,0.973928726521574,0.000442084919427089,-34.4532,-58.5896,-40.8692,-63.0004,811.948528177803
"122","BHI-FDO","BHI","FDO",112,0.974366899185077,0.000438172663502956,-38.725,-62.1693,-34.4532,-58.5896,572.394561275327
"123","FDO-NQN","FDO","NQN",112,0.97480507184858,0.000438172663502956,-34.4532,-58.5896,-38.9490013123,-68.1557006836,987.746353453617
"124","FDO-FDO","FDO","FDO",111,0.975239332256159,0.000434260407578822,-34.4532,-58.5896,-34.4532,-58.5896,0
"125","FDO-IGR","FDO","IGR",111,0.975673592663738,0.000434260407578822,-34.4532,-58.5896,-25.7373008728,-54.473400116,1046.64654578139
"126","FDO-FMA","FDO","FMA",109,0.976100028559468,0.000426435895730555,-34.4532,-58.5896,-26.2127,-58.2281,916.956080101744
"127","AEP-AEP","AEP","AEP",106,0.976514727687426,0.000414699127958155,-34.5592,-58.4156,-34.5592,-58.4156,0
"128","AEP-NEC","AEP","NEC",105,0.97692551455946,0.000410786872034021,-34.5592,-58.4156,-38.4831,-58.8172,437.789619691619
"129","PMY-PMY","PMY","PMY",103,0.977328476919646,0.000402962360185754,-42.7592,-65.1027,-42.7592,-65.1027,0
"130","FDO-USH","FDO","USH",97,0.977707965744287,0.000379488824640953,-34.4532,-58.5896,-54.8433,-68.2958,2388.46767590753
"131","CRD-FTE","CRD","FTE",96,0.978083542313004,0.000375576568716819,-45.7853,-67.4655,-50.2803,-72.053101,604.869846151243
"132","EZE-RES","EZE","RES",93,0.978447382113948,0.000363839800944419,-34.8222,-58.5358,-27.45,-59.0561,821.24128629223
"133","FDO-RGL","FDO","RGL",92,0.978807309658969,0.000359927545020285,-34.4532,-58.5896,-51.6089,-69.3126,2092.13617114094
"134","CPC-NQN","CPC","NQN",87,0.979147675924368,0.000340366265399617,-40.0754013062,-71.137298584,-38.9490013123,-68.1557006836,284.776674011164
"135","EQS-FDO","EQS","FDO",87,0.979488042189768,0.000340366265399617,-42.908000946,-71.139503479,-34.4532,-58.5896,1436.11359920985
"136","EZE-EZE","EZE","EZE",86,0.979824496199243,0.000336454009475484,-34.8222,-58.5358,-34.8222,-58.5358,0
"137","PMY-USH","PMY","USH",84,0.980153125696871,0.000328629497627217,-42.7592,-65.1027,-54.8433,-68.2958,1363.5213056018
"138","FDO-RGA","FDO","RGA",83,0.980477842938574,0.000324717241703083,-34.4532,-58.5896,-53.7777,-67.7494,2265.37653297323
"139","RGA-USH","RGA","USH",83,0.980802560180277,0.000324717241703083,-53.7777,-67.7494,-54.8433,-68.2958,123.676273997738
"140","IGR-PSS","IGR","PSS",82,0.981123365166056,0.00032080498577895,-25.7373008728,-54.473400116,-27.3858,-55.9707,236.166809636695
"141","AEP-LGS","AEP","LGS",78,0.981428521128138,0.000305155962082416,-34.5592,-58.4156,-35.493598938,-69.5743026733,1020.81179698069
"142","CPC-FDO","CPC","FDO",78,0.981733677090221,0.000305155962082416,-40.0754013062,-71.137298584,-34.4532,-58.5896,1272.51722239999
"143","EQS-REL","EQS","REL",76,0.982031008540455,0.000297331450234149,-42.908000946,-71.139503479,-43.2105,-65.2703,477.925548002872
"144","BRC-RES","BRC","RES",71,0.982308778711068,0.000277770170613481,-41.1511993408,-71.1575012207,-27.45,-59.0561,1881.7809077826
"145","FDO-TUC","FDO","TUC",69,0.982578724369833,0.000269945658765214,-34.4532,-58.5896,-26.8409,-65.104897,1050.55552697972
"146","FDO-SLA","FDO","SLA",67,0.98284084551675,0.000262121146916947,-34.4532,-58.5896,-24.8560009003,-65.4861984253,1257.28681273734
"147","BRC-MDZ","BRC","MDZ",66,0.983099054407743,0.000258208890992813,-41.1511993408,-71.1575012207,-32.8316993713,-68.7929000854,948.512931542802
"148","EZE-NQN","EZE","NQN",64,0.983349438786888,0.000250384379144546,-34.8222,-58.5358,-38.9490013123,-68.1557006836,970.103468000413
"149","CRD-PMQ","CRD","PMQ",63,0.983595910910108,0.000246472123220413,-45.7853,-67.4655,-46.5378990173,-70.9786987305,283.191434521138
"150","BRC-PRA","BRC","PRA",61,0.98383455852148,0.000238647611372146,-41.1511993408,-71.1575012207,-31.7948,-60.4804,1409.81132218184
"151","FDO-PMY","FDO","PMY",60,0.984069293876928,0.000234735355448012,-34.4532,-58.5896,-42.7592,-65.1027,1082.37458544818
"152","FDO-SFN","FDO","SFN",59,0.984300116976452,0.000230823099523878,-34.4532,-58.5896,-31.7117,-60.8117,368.468773273961
"153","LPG-MDQ","LPG","MDQ",58,0.984527027820052,0.000226910843599745,-34.9722,-57.8947,-37.9342,-57.5733,330.610679698405
"154","FDO-JUJ","FDO","JUJ",53,0.984734377384031,0.000207349563979077,-34.4532,-58.5896,-24.3927993774,-65.0978012085,1283.21273079252
"155","PMY-VDM","PMY","VDM",50,0.984929990180238,0.000195612796206677,-42.7592,-65.1027,-40.8692,-63.0004,272.966949600857
"156","BRC-REL","BRC","REL",49,0.98512169072052,0.000191700540282543,-41.1511993408,-71.1575012207,-43.2105,-65.2703,536.257494406377
"157","FDO-RSA","FDO","RSA",48,0.985309479004879,0.00018778828435841,-34.4532,-58.5896,-36.588299,-64.275703,566.596262007531
"158","AEP-TDL","AEP","TDL",47,0.985493355033313,0.000183876028434276,-34.5592,-58.4156,-37.2374000549,-59.2279014587,306.654767734349
"159","BRC-CPC","BRC","CPC",47,0.985677231061747,0.000183876028434276,-41.1511993408,-71.1575012207,-40.0754013062,-71.137298584,119.635436961148
"160","EZE-RGL","EZE","RGL",46,0.985857194834257,0.000179963772510143,-34.8222,-58.5358,-51.6089,-69.3126,2055.67452268059
"161","RCQ-ROS","RCQ","ROS",46,0.986037158606767,0.000179963772510143,-29.2103,-59.68,-32.9036,-60.785,423.941038785228
"162","AEP-COC","AEP","COC",45,0.986213210123353,0.000176051516586009,-34.5592,-58.4156,-31.2969,-57.9966,364.851735155479
"163","EZE-TUC","EZE","TUC",44,0.986385349384015,0.000172139260661875,-34.8222,-58.5358,-26.8409,-65.104897,1086.09238718345
"164","EZE-PRA","EZE","PRA",43,0.986553576388753,0.000168227004737742,-34.8222,-58.5358,-31.7948,-60.4804,382.044548010293
"165","FDO-FTE","FDO","FTE",40,0.986710066625718,0.000156490236965341,-34.4532,-58.5896,-50.2803,-72.053101,2071.42733022796
"166","PSS-PSS","PSS","PSS",40,0.986866556862684,0.000156490236965341,-27.3858,-55.9707,-27.3858,-55.9707,0
"167","FDO-RCU","FDO","RCU",39,0.987019134843725,0.000152577981041208,-34.4532,-58.5896,-33.0850982666,-64.2612991333,545.79474461872
"168","AEP-OVR","AEP","OVR",38,0.987167800568842,0.000148665725117074,-34.5592,-58.4156,-36.8899993896,-60.2165985107,305.929125598258
"169","EZE-PSS","EZE","PSS",37,0.987312554038035,0.000144753469192941,-34.8222,-58.5358,-27.3858,-55.9707,862.097532133653
"170","MDZ-MDZ","MDZ","MDZ",35,0.98744948299538,0.000136928957344674,-32.8316993713,-68.7929000854,-32.8316993713,-68.7929000854,0
"171","ROS-USH","ROS","USH",35,0.987586411952724,0.000136928957344674,-32.9036,-60.785,-54.8433,-68.2958,2509.3634832356
"172","COR-PSS","COR","PSS",34,0.987719428654145,0.00013301670142054,-31.323601,-64.208,-27.3858,-55.9707,910.119672273088
"173","AEP-GNR","AEP","GNR",33,0.987848533099641,0.000129104445496407,-34.5592,-58.4156,-39.0007019043,-67.6204986572,956.321736285084
"174","BRC-PMY","BRC","PMY",33,0.987977637545138,0.000129104445496407,-41.1511993408,-71.1575012207,-42.7592,-65.1027,531.501578394481
"175","CRD-RGA","CRD","RGA",33,0.988106741990634,0.000129104445496407,-45.7853,-67.4655,-53.7777,-67.7494,888.946092220421
"176","AEP-VME","AEP","VME",32,0.988231934180206,0.000125192189572273,-34.5592,-58.4156,-33.7299003601,-65.3873977661,648.053993563474
"177","CRD-USH","CRD","USH",32,0.988357126369779,0.000125192189572273,-45.7853,-67.4655,-54.8433,-68.2958,1008.90840953943
"178","EPA-EPA","EPA","EPA",32,0.988482318559351,0.000125192189572273,-34.6099,-58.6126,-34.6099,-58.6126,0
"179","MDQ-PMY","MDQ","PMY",32,0.988607510748923,0.000125192189572273,-37.9342,-57.5733,-42.7592,-65.1027,833.065199955757
"180","ROS-ROS","ROS","ROS",32,0.988732702938495,0.000125192189572273,-32.9036,-60.785,-32.9036,-60.785,0
"181","AFA-AFA","AFA","AFA",31,0.988853982872144,0.00012127993364814,-34.588299,-68.4039,-34.588299,-68.4039,0
"182","BHI-RGA","BHI","RGA",31,0.988975262805792,0.00012127993364814,-38.725,-62.1693,-53.7777,-67.7494,1726.56350140445
"183","BRC-SLA","BRC","SLA",31,0.98909654273944,0.00012127993364814,-41.1511993408,-71.1575012207,-24.8560009003,-65.4861984253,1886.39192350383
"184","COR-COR","COR","COR",31,0.989217822673088,0.00012127993364814,-31.323601,-64.208,-31.323601,-64.208,0
"185","EZE-JUJ","EZE","JUJ",31,0.989339102606736,0.00012127993364814,-34.8222,-58.5358,-24.3927993774,-65.0978012085,1321.00215081871
"186","FDO-LUQ","FDO","LUQ",31,0.989460382540384,0.00012127993364814,-34.4532,-58.5896,-33.2732009888,-66.3563995361,728.839035061787
"187","RCU-UAQ","RCU","UAQ",31,0.989581662474032,0.00012127993364814,-33.0850982666,-64.2612991333,-31.571501,-68.418198,425.253355050671
"188","REL-RGA","REL","RGA",31,0.989702942407681,0.00012127993364814,-43.2105,-65.2703,-53.7777,-67.7494,1188.94120060301
"189","BHI-EZE","BHI","EZE",30,0.989820310085404,0.000117367677724006,-38.725,-62.1693,-34.8222,-58.5358,541.24456125233
"190","SLA-TUC","SLA","TUC",30,0.989937677763129,0.000117367677724006,-24.8560009003,-65.4861984253,-26.8409,-65.104897,223.98417323716
"191","BRC-EQS","BRC","EQS",27,0.99004330867308,0.000105630909951605,-41.1511993408,-71.1575012207,-42.908000946,-71.139503479,195.353080034403
"192","LUQ-LUQ","LUQ","LUQ",27,0.990148939583032,0.000105630909951605,-33.2732009888,-66.3563995361,-33.2732009888,-66.3563995361,0
"193","NQN-PMY","NQN","PMY",27,0.990254570492983,0.000105630909951605,-38.9490013123,-68.1557006836,-42.7592,-65.1027,495.325696026453
"194","BRC-RSA","BRC","RSA",26,0.990356289147011,0.000101718654027472,-41.1511993408,-71.1575012207,-36.588299,-64.275703,782.086853550163
"195","FDO-LGS","FDO","LGS",26,0.990458007801038,0.000101718654027472,-34.4532,-58.5896,-35.493598938,-69.5743026733,1007.00139161156
"196","NQN-ROS","NQN","ROS",26,0.990559726455066,0.000101718654027472,-38.9490013123,-68.1557006836,-32.9036,-60.785,943.971204238088
"197","NQN-VDM","NQN","VDM",26,0.990661445109093,0.000101718654027472,-38.9490013123,-68.1557006836,-40.8692,-63.0004,488.700026640003
"198","ELO-IGR","ELO","IGR",24,0.990755339251272,9.38941421792048e-05,-26.3974990845,-54.5746994019,-25.7373008728,-54.473400116,74.1046900259898
"199","EQS-EQS","EQS","EQS",24,0.990849233393452,9.38941421792048e-05,-42.908000946,-71.139503479,-42.908000946,-71.139503479,0
"200","EQS-MDZ","EQS","MDZ",24,0.990943127535631,9.38941421792048e-05,-42.908000946,-71.139503479,-32.8316993713,-68.7929000854,1139.07367767637
"201","LGS-MDZ","LGS","MDZ",24,0.99103702167781,9.38941421792048e-05,-35.493598938,-69.5743026733,-32.8316993713,-68.7929000854,304.592512601091
"202","REL-RGL","REL","RGL",24,0.991130915819989,9.38941421792048e-05,-43.2105,-65.2703,-51.6089,-69.3126,981.757789571799
"203","USH-USH","USH","USH",24,0.991224809962168,9.38941421792048e-05,-54.8433,-68.2958,-54.8433,-68.2958,0
"204","BHI-PMY","BHI","PMY",23,0.991314791848424,8.99818862550713e-05,-38.725,-62.1693,-42.7592,-65.1027,512.067469188787
"205","AEP-LPG","AEP","LPG",22,0.991400861478755,8.60696303309377e-05,-34.5592,-58.4156,-34.9722,-57.8947,66.128501041957
"206","BRC-LUQ","BRC","LUQ",22,0.991486931109085,8.60696303309377e-05,-41.1511993408,-71.1575012207,-33.2732009888,-66.3563995361,973.300030864756
"207","BRC-PSS","BRC","PSS",22,0.991573000739416,8.60696303309377e-05,-41.1511993408,-71.1575012207,-27.3858,-55.9707,2065.01712594032
"208","MDQ-TDL","MDQ","TDL",22,0.991659070369747,8.60696303309377e-05,-37.9342,-57.5733,-37.2374000549,-59.2279014587,165.101195684914
"209","IRJ-UAQ","IRJ","UAQ",21,0.991741227744154,8.21573744068042e-05,-29.3815994263,-66.7957992554,-31.571501,-68.418198,288.897887147394
"210","PRA-ROS","PRA","ROS",21,0.991823385118561,8.21573744068042e-05,-31.7948,-60.4804,-32.9036,-60.785,126.569428069732
"211","CRD-CRD","CRD","CRD",20,0.991901630237044,7.82451184826707e-05,-45.7853,-67.4655,-45.7853,-67.4655,0
"212","FDO-IRJ","FDO","IRJ",20,0.991979875355526,7.82451184826707e-05,-34.4532,-58.5896,-29.3815994263,-66.7957992554,957.489051609963
"213","LUQ-MDZ","LUQ","MDZ",20,0.992058120474009,7.82451184826707e-05,-33.2732009888,-66.3563995361,-32.8316993713,-68.7929000854,232.322735021765
"214","MDZ-TUC","MDZ","TUC",19,0.992132453336567,7.43328625585371e-05,-32.8316993713,-68.7929000854,-26.8409,-65.104897,755.020006758504
"215","BRC-CTC","BRC","CTC",18,0.992202873943202,7.04206066344036e-05,-41.1511993408,-71.1575012207,-28.5956001282,-65.751701355,1479.82731264748
"216","AEP-GPO","AEP","GPO",17,0.992269382293912,6.65083507102701e-05,-34.5592,-58.4156,-35.6962013245,-63.7583007812,501.985861859114
"217","BHI-CRD","BHI","CRD",17,0.992335890644622,6.65083507102701e-05,-38.725,-62.1693,-45.7853,-67.4655,897.459568954204
"218","COR-SFN","COR","SFN",17,0.992402398995333,6.65083507102701e-05,-31.323601,-64.208,-31.7117,-60.8117,324.805290027963
"219","CTC-CTC","CTC","CTC",17,0.992468907346043,6.65083507102701e-05,-28.5956001282,-65.751701355,-28.5956001282,-65.751701355,0
"220","AEP-OYA","AEP","OYA",16,0.992531503440829,6.25960947861365e-05,-34.5592,-58.4156,-29.1058,-59.2189,611.112869956247
"221","AEP-RAF","AEP","RAF",16,0.992594099535615,6.25960947861365e-05,-34.5592,-58.4156,-31.2825,-61.5017,464.404310506281
"222","COR-IRJ","COR","IRJ",16,0.992656695630401,6.25960947861365e-05,-31.323601,-64.208,-29.3815994263,-66.7957992554,329.048642678104
"223","FDO-GNR","FDO","GNR",16,0.992719291725187,6.25960947861365e-05,-34.4532,-58.5896,-39.0007019043,-67.6204986572,949.784449218878
"224","FDO-GPO","FDO","GPO",16,0.992781887819974,6.25960947861365e-05,-34.4532,-58.5896,-35.6962013245,-63.7583007812,490.17802958441
"225","GNR-VDM","GNR","VDM",16,0.99284448391476,6.25960947861365e-05,-39.0007019043,-67.6204986572,-40.8692,-63.0004,445.26362907356
"226","PMY-REL","PMY","REL",16,0.992907080009546,6.25960947861365e-05,-42.7592,-65.1027,-43.2105,-65.2703,52.0011268977906
"227","PSS-RES","PSS","RES",16,0.992969676104332,6.25960947861365e-05,-27.3858,-55.9707,-27.45,-59.0561,304.618921742936
"228","SDE-TUC","SDE","TUC",16,0.993032272199118,6.25960947861365e-05,-27.7655563354,-64.3099975586,-26.8409,-65.104897,129.382619694906
"229","SLA-SLA","SLA","SLA",16,0.993094868293904,6.25960947861365e-05,-24.8560009003,-65.4861984253,-24.8560009003,-65.4861984253,0
"230","COR-LUQ","COR","LUQ",15,0.993153552132766,5.8683838862003e-05,-31.323601,-64.208,-33.2732009888,-66.3563995361,296.245440205503
"231","COR-UAQ","COR","UAQ",15,0.993212235971628,5.8683838862003e-05,-31.323601,-64.208,-31.571501,-68.418198,400.314563965936
"232","FDO-MDX","FDO","MDX",15,0.99327091981049,5.8683838862003e-05,-34.4532,-58.5896,-29.2213993073,-58.0877990723,583.674884676535
"233","FDO-SDE","FDO","SDE",15,0.993329603649352,5.8683838862003e-05,-34.4532,-58.5896,-27.7655563354,-64.3099975586,921.307032095298
"234","BRC-BRC","BRC","BRC",14,0.99338437523229,5.47715829378695e-05,-41.1511993408,-71.1575012207,-41.1511993408,-71.1575012207,0
"235","COR-CTC","COR","CTC",14,0.993439146815228,5.47715829378695e-05,-31.323601,-64.208,-28.5956001282,-65.751701355,337.820397493381
"236","EZE-LUQ","EZE","LUQ",14,0.993493918398166,5.47715829378695e-05,-34.8222,-58.5358,-33.2732009888,-66.3563995361,740.614488287703
"237","MDZ-PRA","MDZ","PRA",14,0.993548689981104,5.47715829378695e-05,-32.8316993713,-68.7929000854,-31.7948,-60.4804,789.413712046577
"238","BHI-VDM","BHI","VDM",13,0.993599549308118,5.08593270137359e-05,-38.725,-62.1693,-40.8692,-63.0004,248.768344711313
"239","CNQ-FDO","CNQ","FDO",13,0.993650408635131,5.08593270137359e-05,-27.4455,-58.7619,-34.4532,-58.5896,779.393456576812
"240","COR-PRA","COR","PRA",13,0.993701267962145,5.08593270137359e-05,-31.323601,-64.208,-31.7948,-60.4804,357.033276866124
"241","CPC-CPC","CPC","CPC",13,0.993752127289159,5.08593270137359e-05,-40.0754013062,-71.137298584,-40.0754013062,-71.137298584,0
"242","CTC-FDO","CTC","FDO",13,0.993802986616173,5.08593270137359e-05,-28.5956001282,-65.751701355,-34.4532,-58.5896,940.246925829604
"243","EQS-PMQ","EQS","PMQ",13,0.993853845943186,5.08593270137359e-05,-42.908000946,-71.139503479,-46.5378990173,-70.9786987305,403.825880451822
"244","FDO-RCQ","FDO","RCQ",13,0.9939047052702,5.08593270137359e-05,-34.4532,-58.5896,-29.2103,-59.68,592.001273706049
"245","FMA-ROS","FMA","ROS",13,0.993955564597214,5.08593270137359e-05,-26.2127,-58.2281,-32.9036,-60.785,783.933374456413
"246","FTE-PMQ","FTE","PMQ",13,0.994006423924227,5.08593270137359e-05,-50.2803,-72.053101,-46.5378990173,-70.9786987305,423.612332744351
"247","IGR-RES","IGR","RES",13,0.994057283251241,5.08593270137359e-05,-25.7373008728,-54.473400116,-27.45,-59.0561,493.809067091809
"248","RES-ROS","RES","ROS",13,0.994108142578255,5.08593270137359e-05,-27.45,-59.0561,-32.9036,-60.785,628.739525074968
"249","RES-TUC","RES","TUC",13,0.994159001905269,5.08593270137359e-05,-27.45,-59.0561,-26.8409,-65.104897,602.267360184477
"250","AFA-MDZ","AFA","MDZ",12,0.994205948976358,4.69470710896024e-05,-34.588299,-68.4039,-32.8316993713,-68.7929000854,198.610920753387
"251","BRC-JUJ","BRC","JUJ",12,0.994252896047448,4.69470710896024e-05,-41.1511993408,-71.1575012207,-24.3927993774,-65.0978012085,1946.32613845696
"252","COC-FDO","COC","FDO",12,0.994299843118537,4.69470710896024e-05,-31.2969,-57.9966,-34.4532,-58.5896,355.304354989553
"253","COR-SDE","COR","SDE",12,0.994346790189627,4.69470710896024e-05,-31.323601,-64.208,-27.7655563354,-64.3099975586,395.759455213476
"254","CPC-EZE","CPC","EZE",12,0.994393737260717,4.69470710896024e-05,-40.0754013062,-71.137298584,-34.8222,-58.5358,1254.77350824372
"255","CRD-MDZ","CRD","MDZ",12,0.994440684331806,4.69470710896024e-05,-45.7853,-67.4655,-32.8316993713,-68.7929000854,1444.8369994328
"256","FDO-PRQ","FDO","PRQ",12,0.994487631402896,4.69470710896024e-05,-34.4532,-58.5896,-26.753611,-60.492222,875.246702433538
"257","NQN-RGA","NQN","RGA",12,0.994534578473985,4.69470710896024e-05,-38.9490013123,-68.1557006836,-53.7777,-67.7494,1649.16367761121
"258","NQN-RSA","NQN","RSA",12,0.994581525545075,4.69470710896024e-05,-38.9490013123,-68.1557006836,-36.588299,-64.275703,430.296251382963
"259","AEP-PEH","AEP","PEH",11,0.99462456036024,4.30348151654689e-05,-34.5592,-58.4156,-35.8446,-61.8576,343.825349783353
"260","BRC-RCU","BRC","RCU",11,0.994667595175406,4.30348151654689e-05,-41.1511993408,-71.1575012207,-33.0850982666,-64.2612991333,1084.6582713609
"261","BRC-UAQ","BRC","UAQ",11,0.994710629990571,4.30348151654689e-05,-41.1511993408,-71.1575012207,-31.571501,-68.418198,1092.92036751405
"262","EZE-SDE","EZE","SDE",11,0.994753664805737,4.30348151654689e-05,-34.8222,-58.5358,-27.7655563354,-64.3099975586,956.996226826995
"263","HOS-NQN","HOS","NQN",11,0.994796699620902,4.30348151654689e-05,-37.4446983337,-70.2225036621,-38.9490013123,-68.1557006836,246.157436604378
"264","REL-VDM","REL","VDM",11,0.994839734436068,4.30348151654689e-05,-43.2105,-65.2703,-40.8692,-63.0004,320.775803503433
"265","RES-RES","RES","RES",11,0.994882769251233,4.30348151654689e-05,-27.45,-59.0561,-27.45,-59.0561,0
"266","CRD-EQS","CRD","EQS",10,0.994921891810475,3.91225592413353e-05,-45.7853,-67.4655,-42.908000946,-71.139503479,433.16303443623
"267","CTC-MDZ","CTC","MDZ",10,0.994961014369716,3.91225592413353e-05,-28.5956001282,-65.751701355,-32.8316993713,-68.7929000854,553.454794899833
"268","MDQ-VLG","MDQ","VLG",10,0.995000136928957,3.91225592413353e-05,-37.9342,-57.5733,-37.2354,-57.0292,91.3034635998303
"269","PMQ-RGL","PMQ","RGL",10,0.995039259488199,3.91225592413353e-05,-46.5378990173,-70.9786987305,-51.6089,-69.3126,576.740307096326
"270","PRA-PSS","PRA","PSS",10,0.99507838204744,3.91225592413353e-05,-31.7948,-60.4804,-27.3858,-55.9707,655.964041176085
"271","PRA-RES","PRA","RES",10,0.995117504606681,3.91225592413353e-05,-31.7948,-60.4804,-27.45,-59.0561,502.335642727107
"272","ROS-SFN","ROS","SFN",10,0.995156627165923,3.91225592413353e-05,-32.9036,-60.785,-31.7117,-60.8117,132.556983608672
"273","ROS-TUC","ROS","TUC",10,0.995195749725164,3.91225592413353e-05,-32.9036,-60.785,-26.8409,-65.104897,792.225685350774
"274","AFA-FDO","AFA","FDO",9,0.995230960028481,3.52103033172018e-05,-34.588299,-68.4039,-34.4532,-58.5896,898.916644546272
"275","APZ-FDO","APZ","FDO",9,0.995266170331798,3.52103033172018e-05,-38.975498,-70.113602,-34.4532,-58.5896,1142.4939402457
"276","CNQ-CNQ","CNQ","CNQ",9,0.995301380635116,3.52103033172018e-05,-27.4455,-58.7619,-27.4455,-58.7619,0
"277","CNQ-COR","CNQ","COR",9,0.995336590938433,3.52103033172018e-05,-27.4455,-58.7619,-31.323601,-64.208,681.271858130642
"278","CNQ-RES","CNQ","RES",9,0.99537180124175,3.52103033172018e-05,-27.4455,-58.7619,-27.45,-59.0561,29.0353391792137
"279","CRD-MDQ","CRD","MDQ",9,0.995407011545067,3.52103033172018e-05,-45.7853,-67.4655,-37.9342,-57.5733,1195.38509001574
"280","CTC-SLA","CTC","SLA",9,0.995442221848384,3.52103033172018e-05,-28.5956001282,-65.751701355,-24.8560009003,-65.4861984253,416.65915797059
"281","EPA-FDO","EPA","FDO",9,0.995477432151702,3.52103033172018e-05,-34.6099,-58.6126,-34.4532,-58.5896,17.5511622679007
"282","EZE-SFN","EZE","SFN",9,0.995512642455019,3.52103033172018e-05,-34.8222,-58.5358,-31.7117,-60.8117,405.4300036195
"283","FDO-LPG","FDO","LPG",9,0.995547852758336,3.52103033172018e-05,-34.4532,-58.5896,-34.9722,-57.8947,85.8181934954842
"284","FDO-TDL","FDO","TDL",9,0.995583063061653,3.52103033172018e-05,-34.4532,-58.5896,-37.2374000549,-59.2279014587,314.886769521897
"285","FDO-VME","FDO","VME",9,0.99561827336497,3.52103033172018e-05,-34.4532,-58.5896,-33.7299003601,-65.3873977661,630.998554166843
"286","FMA-RES","FMA","RES",9,0.995653483668288,3.52103033172018e-05,-26.2127,-58.2281,-27.45,-59.0561,160.243465343865
"287","GNR-NQN","GNR","NQN",9,0.995688693971605,3.52103033172018e-05,-39.0007019043,-67.6204986572,-38.9490013123,-68.1557006836,46.6214785434629
"288","LGS-NQN","LGS","NQN",9,0.995723904274922,3.52103033172018e-05,-35.493598938,-69.5743026733,-38.9490013123,-68.1557006836,404.217826336408
"289","PSS-ROS","PSS","ROS",9,0.995759114578239,3.52103033172018e-05,-27.3858,-55.9707,-32.9036,-60.785,768.363599509361
"290","ROS-UAQ","ROS","UAQ",9,0.995794324881557,3.52103033172018e-05,-32.9036,-60.785,-31.571501,-68.418198,732.867398268383
"291","VDM-VDM","VDM","VDM",9,0.995829535184874,3.52103033172018e-05,-40.8692,-63.0004,-40.8692,-63.0004,0
"292","AEP-VLG","AEP","VLG",8,0.995860833232267,3.12980473930683e-05,-34.5592,-58.4156,-37.2354,-57.0292,322.709521672361
"293","BHI-COR","BHI","COR",8,0.99589213127966,3.12980473930683e-05,-38.725,-62.1693,-31.323601,-64.208,843.604439408232
"294","BHI-PRA","BHI","PRA",8,0.995923429327053,3.12980473930683e-05,-38.725,-62.1693,-31.7948,-60.4804,785.666129126388
"295","BHI-ROS","BHI","ROS",8,0.995954727374446,3.12980473930683e-05,-38.725,-62.1693,-32.9036,-60.785,659.208919347672
"296","BRC-EHL","BRC","EHL",8,0.995986025421839,3.12980473930683e-05,-41.1511993408,-71.1575012207,-41.9431991577,-71.5323028564,93.4264061058259
"297","BRC-SFN","BRC","SFN",8,0.996017323469232,3.12980473930683e-05,-41.1511993408,-71.1575012207,-31.7117,-60.8117,1397.30628068162
"298","EZE-RSA","EZE","RSA",8,0.996048621516625,3.12980473930683e-05,-34.8222,-58.5358,-36.588299,-64.275703,554.11684129943
"299","EZE-VME","EZE","VME",8,0.996079919564018,3.12980473930683e-05,-34.8222,-58.5358,-33.7299003601,-65.3873977661,641.022994315298
"300","FDO-OYA","FDO","OYA",8,0.996111217611411,3.12980473930683e-05,-34.4532,-58.5896,-29.1058,-59.2189,597.567131239269
"301","FMA-TUC","FMA","TUC",8,0.996142515658804,3.12980473930683e-05,-26.2127,-58.2281,-26.8409,-65.104897,687.634423526394
"302","JUJ-ROS","JUJ","ROS",8,0.996173813706197,3.12980473930683e-05,-24.3927993774,-65.0978012085,-32.9036,-60.785,1035.40995734292
"303","TUC-TUC","TUC","TUC",8,0.99620511175359,3.12980473930683e-05,-26.8409,-65.104897,-26.8409,-65.104897,0
"304","BHI-RGL","BHI","RGL",7,0.996232497545059,2.73857914689347e-05,-38.725,-62.1693,-51.6089,-69.3126,1536.38376665986
"305","BRC-GNR","BRC","GNR",7,0.996259883336528,2.73857914689347e-05,-41.1511993408,-71.1575012207,-39.0007019043,-67.6204986572,384.32366601433
"306","BRC-RGL","BRC","RGL",7,0.996287269127997,2.73857914689347e-05,-41.1511993408,-71.1575012207,-51.6089,-69.3126,1171.32079570044
"307","CNQ-EZE","CNQ","EZE",7,0.996314654919466,2.73857914689347e-05,-27.4455,-58.7619,-34.8222,-58.5358,820.533044221042
"308","CNQ-FMA","CNQ","FMA",7,0.996342040710935,2.73857914689347e-05,-27.4455,-58.7619,-26.2127,-58.2281,146.95745639356
"309","CNQ-ROS","CNQ","ROS",7,0.996369426502404,2.73857914689347e-05,-27.4455,-58.7619,-32.9036,-60.785,637.264291656922
"310","EPA-MDQ","EPA","MDQ",7,0.996396812293873,2.73857914689347e-05,-34.6099,-58.6126,-37.9342,-57.5733,381.197991646427
"311","EQS-EZE","EQS","EZE",7,0.996424198085342,2.73857914689347e-05,-42.908000946,-71.139503479,-34.8222,-58.5358,1411.17295957671
"312","FTE-RGA","FTE","RGA",7,0.996451583876811,2.73857914689347e-05,-50.2803,-72.053101,-53.7777,-67.7494,487.590242200446
"313","IGR-MDZ","IGR","MDZ",7,0.99647896966828,2.73857914689347e-05,-25.7373008728,-54.473400116,-32.8316993713,-68.7929000854,1594.9195667323
"314","IRJ-SLA","IRJ","SLA",7,0.996506355459749,2.73857914689347e-05,-29.3815994263,-66.7957992554,-24.8560009003,-65.4861984253,519.632045931596
"315","LUQ-RLO","LUQ","RLO",7,0.996533741251218,2.73857914689347e-05,-33.2732009888,-66.3563995361,-32.3847007751,-65.1865005493,147.339848277326
"316","MDQ-NEC","MDQ","NEC",7,0.996561127042687,2.73857914689347e-05,-37.9342,-57.5733,-38.4831,-58.8172,124.646919270718
"317","MDZ-PSS","MDZ","PSS",7,0.996588512834156,2.73857914689347e-05,-32.8316993713,-68.7929000854,-27.3858,-55.9707,1372.6063620566
"318","NQN-REL","NQN","REL",7,0.996615898625624,2.73857914689347e-05,-38.9490013123,-68.1557006836,-43.2105,-65.2703,531.91892508534
"319","PRA-SFN","PRA","SFN",7,0.996643284417093,2.73857914689347e-05,-31.7948,-60.4804,-31.7117,-60.8117,32.6593448289936
"320","PRA-TUC","PRA","TUC",7,0.996670670208562,2.73857914689347e-05,-31.7948,-60.4804,-26.8409,-65.104897,710.062403883403
"321","RSA-RSA","RSA","RSA",7,0.996698056000031,2.73857914689347e-05,-36.588299,-64.275703,-36.588299,-64.275703,0
"322","SDE-SLA","SDE","SLA",7,0.9967254417915,2.73857914689347e-05,-27.7655563354,-64.3099975586,-24.8560009003,-65.4861984253,344.107339245815
"323","AEP-RLO","AEP","RLO",6,0.996748915327045,2.34735355448012e-05,-34.5592,-58.4156,-32.3847007751,-65.1865005493,672.780283032272
"324","APZ-NQN","APZ","NQN",6,0.99677238886259,2.34735355448012e-05,-38.975498,-70.113602,-38.9490013123,-68.1557006836,169.304042443926
"325","BRC-USH","BRC","USH",6,0.996795862398135,2.34735355448012e-05,-41.1511993408,-71.1575012207,-54.8433,-68.2958,1536.9774081046
"326","CNQ-PSS","CNQ","PSS",6,0.996819335933679,2.34735355448012e-05,-27.4455,-58.7619,-27.3858,-55.9707,275.583987059957
"327","COR-FMA","COR","FMA",6,0.996842809469224,2.34735355448012e-05,-31.323601,-64.208,-26.2127,-58.2281,813.758187022901
"328","CTC-TUC","CTC","TUC",6,0.996866283004769,2.34735355448012e-05,-28.5956001282,-65.751701355,-26.8409,-65.104897,205.237447978062
"329","EZE-RAF","EZE","RAF",6,0.996889756540314,2.34735355448012e-05,-34.8222,-58.5358,-31.2825,-61.5017,480.903343434307
"330","FMA-PSS","FMA","PSS",6,0.996913230075859,2.34735355448012e-05,-26.2127,-58.2281,-27.3858,-55.9707,259.248192972363
"331","FTE-RZA","FTE","RZA",6,0.996936703611403,2.34735355448012e-05,-50.2803,-72.053101,-50.0165,-68.5792,249.237502714985
"332","GHU-ROS","GHU","ROS",6,0.996960177146948,2.34735355448012e-05,-33.0103,-58.6131,-32.9036,-60.785,202.984668455785
"333","LUQ-UAQ","LUQ","UAQ",6,0.996983650682493,2.34735355448012e-05,-33.2732009888,-66.3563995361,-31.571501,-68.418198,270.644865909101
"334","MDQ-USH","MDQ","USH",6,0.997007124218038,2.34735355448012e-05,-37.9342,-57.5733,-54.8433,-68.2958,2046.758378669
"335","OES-VDM","OES","VDM",6,0.997030597753583,2.34735355448012e-05,-40.7512,-65.0343,-40.8692,-63.0004,171.673424209165
"336","PMY-RGL","PMY","RGL",6,0.997054071289127,2.34735355448012e-05,-42.7592,-65.1027,-51.6089,-69.3126,1033.74588481711
"337","PMY-RSA","PMY","RSA",6,0.997077544824672,2.34735355448012e-05,-42.7592,-65.1027,-36.588299,-64.275703,689.802903276885
"338","AEP-TTG","AEP","TTG",5,0.997097106104293,1.95612796206677e-05,-34.5592,-58.4156,-22.619600296,-63.7937011719,1427.01697365939
"339","BRC-IRJ","BRC","IRJ",5,0.997116667383914,1.95612796206677e-05,-41.1511993408,-71.1575012207,-29.3815994263,-66.7957992554,1366.8023179141
"340","CRD-ULA","CRD","ULA",5,0.997136228663534,1.95612796206677e-05,-45.7853,-67.4655,-49.3068,-67.8026,392.388331013568
"341","CTC-EZE","CTC","EZE",5,0.997155789943155,1.95612796206677e-05,-28.5956001282,-65.751701355,-34.8222,-58.5358,971.679292872093
"342","CUT-NQN","CUT","NQN",5,0.997175351222776,1.95612796206677e-05,-38.9397010803,-69.2646026611,-38.9490013123,-68.1557006836,95.9057246915632
"343","EHL-VDM","EHL","VDM",5,0.997194912502396,1.95612796206677e-05,-41.9431991577,-71.5323028564,-40.8692,-63.0004,721.199431983031
"344","EQS-PMY","EQS","PMY",5,0.997214473782017,1.95612796206677e-05,-42.908000946,-71.139503479,-42.7592,-65.1027,492.429625791618
"345","FDO-NEC","FDO","NEC",5,0.997234035061638,1.95612796206677e-05,-34.4532,-58.5896,-38.4831,-58.8172,448.565883282029
"346","FDO-RAF","FDO","RAF",5,0.997253596341258,1.95612796206677e-05,-34.4532,-58.5896,-31.2825,-61.5017,445.226519283422
"347","FTE-MDQ","FTE","MDQ",5,0.997273157620879,1.95612796206677e-05,-50.2803,-72.053101,-37.9342,-57.5733,1788.28299423037
"348","MDQ-OVR","MDQ","OVR",5,0.9972927189005,1.95612796206677e-05,-37.9342,-57.5733,-36.8899993896,-60.2165985107,260.722609844162
"349","MDQ-OYO","MDQ","OYO",5,0.99731228018012,1.95612796206677e-05,-37.9342,-57.5733,-38.3869,-60.3297,246.184421681288
"350","MDZ-REL","MDZ","REL",5,0.997331841459741,1.95612796206677e-05,-32.8316993713,-68.7929000854,-43.2105,-65.2703,1194.29602873035
"351","MDZ-SFN","MDZ","SFN",5,0.997351402739362,1.95612796206677e-05,-32.8316993713,-68.7929000854,-31.7117,-60.8117,760.445475311865
"352","RAF-ROS","RAF","ROS",5,0.997370964018982,1.95612796206677e-05,-31.2825,-61.5017,-32.9036,-60.785,192.48532145292
"353","RCU-RCU","RCU","RCU",5,0.997390525298603,1.95612796206677e-05,-33.0850982666,-64.2612991333,-33.0850982666,-64.2612991333,0
"354","ROS-VLG","ROS","VLG",5,0.997410086578224,1.95612796206677e-05,-32.9036,-60.785,-37.2354,-57.0292,590.500750490221
"355","SLA-UAQ","SLA","UAQ",5,0.997429647857844,1.95612796206677e-05,-24.8560009003,-65.4861984253,-31.571501,-68.418198,799.974712507071
"356","TUC-UAQ","TUC","UAQ",5,0.997449209137465,1.95612796206677e-05,-26.8409,-65.104897,-31.571501,-68.418198,616.434627212187
"357","AEP-GHU","AEP","GHU",4,0.997464858161161,1.56490236965341e-05,-34.5592,-58.4156,-33.0103,-58.6131,173.194161666604
"358","AEP-MDX","AEP","MDX",4,0.997480507184858,1.56490236965341e-05,-34.5592,-58.4156,-29.2213993073,-58.0877990723,594.341394469818
"359","AFA-UAQ","AFA","UAQ",4,0.997496156208555,1.56490236965341e-05,-34.588299,-68.4039,-31.571501,-68.418198,335.455276086326
"360","BRC-IGB","BRC","IGB",4,0.997511805232251,1.56490236965341e-05,-41.1511993408,-71.1575012207,-41.3208999634,-69.5748977661,133.6717191754
"361","BRC-TUC","BRC","TUC",4,0.997527454255948,1.56490236965341e-05,-41.1511993408,-71.1575012207,-26.8409,-65.104897,1685.06268255667
"362","CNQ-IGR","CNQ","IGR",4,0.997543103279644,1.56490236965341e-05,-27.4455,-58.7619,-25.7373008728,-54.473400116,466.765469626734
"363","COC-PRA","COC","PRA",4,0.997558752303341,1.56490236965341e-05,-31.2969,-57.9966,-31.7948,-60.4804,241.788917215728
"364","COC-RES","COC","RES",4,0.997574401327037,1.56490236965341e-05,-31.2969,-57.9966,-27.45,-59.0561,439.89473344522
"365","COR-EQS","COR","EQS",4,0.997590050350734,1.56490236965341e-05,-31.323601,-64.208,-42.908000946,-71.139503479,1425.95187501452
"366","CPC-MDZ","CPC","MDZ",4,0.99760569937443,1.56490236965341e-05,-40.0754013062,-71.137298584,-32.8316993713,-68.7929000854,832.213396038501
"367","CPC-ROS","CPC","ROS",4,0.997621348398127,1.56490236965341e-05,-40.0754013062,-71.137298584,-32.9036,-60.785,1220.10466043678
"368","CRD-RSA","CRD","RSA",4,0.997636997421823,1.56490236965341e-05,-45.7853,-67.4655,-36.588299,-64.275703,1056.67883110005
"369","CRD-VDM","CRD","VDM",4,0.99765264644552,1.56490236965341e-05,-45.7853,-67.4655,-40.8692,-63.0004,654.937714750716
"370","EHL-EQS","EHL","EQS",4,0.997668295469216,1.56490236965341e-05,-41.9431991577,-71.5323028564,-42.908000946,-71.139503479,112.020503474104
"371","EPA-PRA","EPA","PRA",4,0.997683944492913,1.56490236965341e-05,-34.6099,-58.6126,-31.7948,-60.4804,358.008843014247
"372","EZE-FMA","EZE","FMA",4,0.99769959351661,1.56490236965341e-05,-34.8222,-58.5358,-26.2127,-58.2281,957.784618582631
"373","EZE-MDX","EZE","MDX",4,0.997715242540306,1.56490236965341e-05,-34.8222,-58.5358,-29.2213993073,-58.0877990723,624.208681192667
"374","EZE-OYA","EZE","OYA",4,0.997730891564003,1.56490236965341e-05,-34.8222,-58.5358,-29.1058,-59.2189,638.886969921382
"375","EZE-PEH","EZE","PEH",4,0.997746540587699,1.56490236965341e-05,-34.8222,-58.5358,-35.8446,-61.8576,322.039899495172
"376","EZE-VDR","EZE","VDR",4,0.997762189611396,1.56490236965341e-05,-34.8222,-58.5358,-31.9451999664,-65.1463012695,691.917619523074
"377","FDO-OYO","FDO","OYO",4,0.997777838635092,1.56490236965341e-05,-34.4532,-58.5896,-38.3869,-60.3297,464.264720727642
"378","FDO-VLG","FDO","VLG",4,0.997793487658789,1.56490236965341e-05,-34.4532,-58.5896,-37.2354,-57.0292,339.822180008991
"379","IGR-MDQ","IGR","MDQ",4,0.997809136682485,1.56490236965341e-05,-25.7373008728,-54.473400116,-37.9342,-57.5733,1387.23374001642
"380","IGR-TUC","IGR","TUC",4,0.997824785706182,1.56490236965341e-05,-25.7373008728,-54.473400116,-26.8409,-65.104897,1066.65263185623
"381","JUJ-JUJ","JUJ","JUJ",4,0.997840434729878,1.56490236965341e-05,-24.3927993774,-65.0978012085,-24.3927993774,-65.0978012085,0
"382","JUJ-ORA","JUJ","ORA",4,0.997856083753575,1.56490236965341e-05,-24.3927993774,-65.0978012085,-23.1527996063,-64.3292007446,158.518848114248
"383","JUJ-RES","JUJ","RES",4,0.997871732777271,1.56490236965341e-05,-24.3927993774,-65.0978012085,-27.45,-59.0561,693.131125000099
"384","LGS-ROS","LGS","ROS",4,0.997887381800968,1.56490236965341e-05,-35.493598938,-69.5743026733,-32.9036,-60.785,857.720661831101
"385","LUQ-PRA","LUQ","PRA",4,0.997903030824664,1.56490236965341e-05,-33.2732009888,-66.3563995361,-31.7948,-60.4804,574.754939631743
"386","MDQ-SLA","MDQ","SLA",4,0.997918679848361,1.56490236965341e-05,-37.9342,-57.5733,-24.8560009003,-65.4861984253,1635.06089195563
"387","MDZ-PMQ","MDZ","PMQ",4,0.997934328872057,1.56490236965341e-05,-32.8316993713,-68.7929000854,-46.5378990173,-70.9786987305,1535.32692298553
"388","MDZ-RES","MDZ","RES",4,0.997949977895754,1.56490236965341e-05,-32.8316993713,-68.7929000854,-27.45,-59.0561,1110.37181076884
"389","MDZ-SDE","MDZ","SDE",4,0.997965626919451,1.56490236965341e-05,-32.8316993713,-68.7929000854,-27.7655563354,-64.3099975586,708.735045328629
"390","MDZ-VDM","MDZ","VDM",4,0.997981275943147,1.56490236965341e-05,-32.8316993713,-68.7929000854,-40.8692,-63.0004,1031.08939153892
"391","NEC-NQN","NEC","NQN",4,0.997996924966844,1.56490236965341e-05,-38.4831,-58.8172,-38.9490013123,-68.1557006836,811.50967338642
"392","NEC-ROS","NEC","ROS",4,0.99801257399054,1.56490236965341e-05,-38.4831,-58.8172,-32.9036,-60.785,645.310786704549
"393","NQN-OES","NQN","OES",4,0.998028223014237,1.56490236965341e-05,-38.9490013123,-68.1557006836,-40.7512,-65.0343,333.371138743064
"394","NQN-RGL","NQN","RGL",4,0.998043872037933,1.56490236965341e-05,-38.9490013123,-68.1557006836,-51.6089,-69.3126,1410.57562529887
"395","NQN-UAQ","NQN","UAQ",4,0.99805952106163,1.56490236965341e-05,-38.9490013123,-68.1557006836,-31.571501,-68.418198,820.685553704457
"396","PMY-RGA","PMY","RGA",4,0.998075170085326,1.56490236965341e-05,-42.7592,-65.1027,-53.7777,-67.7494,1240.53406597643
"397","PRA-UAQ","PRA","UAQ",4,0.998090819109023,1.56490236965341e-05,-31.7948,-60.4804,-31.571501,-68.418198,751.342166833916
"398","PRQ-RES","PRQ","RES",4,0.998106468132719,1.56490236965341e-05,-26.753611,-60.492222,-27.45,-59.0561,161.87538667014
"399","RCU-ROS","RCU","ROS",4,0.998122117156416,1.56490236965341e-05,-33.0850982666,-64.2612991333,-32.9036,-60.785,324.818724175461
"400","RES-SLA","RES","SLA",4,0.998137766180112,1.56490236965341e-05,-27.45,-59.0561,-24.8560009003,-65.4861984253,703.484712203268
"401","RGL-RGL","RGL","RGL",4,0.998153415203809,1.56490236965341e-05,-51.6089,-69.3126,-51.6089,-69.3126,0
"402","SDE-SDE","SDE","SDE",4,0.998169064227506,1.56490236965341e-05,-27.7655563354,-64.3099975586,-27.7655563354,-64.3099975586,0
"403","AEP-OYO","AEP","OYO",3,0.998180800995278,1.17367677724006e-05,-34.5592,-58.4156,-38.3869,-60.3297,458.711256772095
"404","AEP-PMQ","AEP","PMQ",3,0.99819253776305,1.17367677724006e-05,-34.5592,-58.4156,-46.5378990173,-70.9786987305,1698.77178267557
"405","BHI-FTE","BHI","FTE",3,0.998204274530823,1.17367677724006e-05,-38.725,-62.1693,-50.2803,-72.053101,1502.15637091245
"406","BHI-TDL","BHI","TDL",3,0.998216011298595,1.17367677724006e-05,-38.725,-62.1693,-37.2374000549,-59.2279014587,306.277988036657
"407","COC-COR","COC","COR",3,0.998227748066367,1.17367677724006e-05,-31.2969,-57.9966,-31.323601,-64.208,590.019504155344
"408","COC-PSS","COC","PSS",3,0.99823948483414,1.17367677724006e-05,-31.2969,-57.9966,-27.3858,-55.9707,477.142262051261
"409","COR-RGA","COR","RGA",3,0.998251221601912,1.17367677724006e-05,-31.323601,-64.208,-53.7777,-67.7494,2512.81200166495
"410","COR-VDM","COR","VDM",3,0.998262958369685,1.17367677724006e-05,-31.323601,-64.208,-40.8692,-63.0004,1066.9201463264
"411","CPC-FTE","CPC","FTE",3,0.998274695137457,1.17367677724006e-05,-40.0754013062,-71.137298584,-50.2803,-72.053101,1136.9769011934
"412","CRD-ROS","CRD","ROS",3,0.998286431905229,1.17367677724006e-05,-45.7853,-67.4655,-32.9036,-60.785,1541.87346597711
"413","CSZ-FDO","CSZ","FDO",3,0.998298168673002,1.17367677724006e-05,-37.4333000183,-61.8833007812,-34.4532,-58.5896,444.596445386914
"414","CSZ-MDQ","CSZ","MDQ",3,0.998309905440774,1.17367677724006e-05,-37.4333000183,-61.8833007812,-37.9342,-57.5733,383.308578301463
"415","ELO-PSS","ELO","PSS",3,0.998321642208547,1.17367677724006e-05,-26.3974990845,-54.5746994019,-27.3858,-55.9707,176.75392163303
"416","EQS-NQN","EQS","NQN",3,0.998333378976319,1.17367677724006e-05,-42.908000946,-71.139503479,-38.9490013123,-68.1557006836,506.500817446348
"417","EQS-RGA","EQS","RGA",3,0.998345115744091,1.17367677724006e-05,-42.908000946,-71.139503479,-53.7777,-67.7494,1233.98210108356
"418","EZE-GHU","EZE","GHU",3,0.998356852511864,1.17367677724006e-05,-34.8222,-58.5358,-33.0103,-58.6131,201.600288321097
"419","EZE-IRJ","EZE","IRJ",3,0.998368589279636,1.17367677724006e-05,-34.8222,-58.5358,-29.3815994263,-66.7957992554,984.907224759961
"420","EZE-LPG","EZE","LPG",3,0.998380326047409,1.17367677724006e-05,-34.8222,-58.5358,-34.9722,-57.8947,60.8005981194417
"421","EZE-VDM","EZE","VDM",3,0.998392062815181,1.17367677724006e-05,-34.8222,-58.5358,-40.8692,-63.0004,778.05336309517
"422","FDO-OVR","FDO","OVR",3,0.998403799582954,1.17367677724006e-05,-34.4532,-58.5896,-36.8899993896,-60.2165985107,308.237647491478
"423","FDO-TTG","FDO","TTG",3,0.998415536350726,1.17367677724006e-05,-34.4532,-58.5896,-22.619600296,-63.7937011719,1409.99515189855
"424","FTE-GGS","FTE","GGS",3,0.998427273118498,1.17367677724006e-05,-50.2803,-72.053101,-48.7831001282,-70.1500015259,215.807273914869
"425","FTE-ULA","FTE","ULA",3,0.998439009886271,1.17367677724006e-05,-50.2803,-72.053101,-49.3068,-67.8026,323.683176342874
"426","IGB-VDM","IGB","VDM",3,0.998450746654043,1.17367677724006e-05,-41.3208999634,-69.5748977661,-40.8692,-63.0004,553.084591092922
"427","IGR-RCQ","IGR","RCQ",3,0.998462483421816,1.17367677724006e-05,-25.7373008728,-54.473400116,-29.2103,-59.68,642.488300395276
"428","IGR-SDE","IGR","SDE",3,0.998474220189588,1.17367677724006e-05,-25.7373008728,-54.473400116,-27.7655563354,-64.3099975586,1002.0855939728
"429","IRJ-MDZ","IRJ","MDZ",3,0.99848595695736,1.17367677724006e-05,-29.3815994263,-66.7957992554,-32.8316993713,-68.7929000854,428.138432929708
"430","IRJ-PSS","IRJ","PSS",3,0.998497693725133,1.17367677724006e-05,-29.3815994263,-66.7957992554,-27.3858,-55.9707,1081.54797121942
"431","LPG-ROS","LPG","ROS",3,0.998509430492905,1.17367677724006e-05,-34.9722,-57.8947,-32.9036,-60.785,352.108205243816
"432","LUQ-RES","LUQ","RES",3,0.998521167260678,1.17367677724006e-05,-33.2732009888,-66.3563995361,-27.45,-59.0561,953.330410600454
"433","MDQ-REL","MDQ","REL",3,0.99853290402845,1.17367677724006e-05,-37.9342,-57.5733,-43.2105,-65.2703,874.99975563794
"434","MDQ-RES","MDQ","RES",3,0.998544640796222,1.17367677724006e-05,-37.9342,-57.5733,-27.45,-59.0561,1173.96754262251
"435","MDQ-SDE","MDQ","SDE",3,0.998556377563995,1.17367677724006e-05,-37.9342,-57.5733,-27.7655563354,-64.3099975586,1293.07030836148
"436","MDQ-SST","MDQ","SST",3,0.998568114331767,1.17367677724006e-05,-37.9342,-57.5733,-36.5423,-56.7218,172.150110520308
"437","MDQ-VDM","MDQ","VDM",3,0.99857985109954,1.17367677724006e-05,-37.9342,-57.5733,-40.8692,-63.0004,568.983197135806
"438","MDZ-PMY","MDZ","PMY",3,0.998591587867312,1.17367677724006e-05,-32.8316993713,-68.7929000854,-42.7592,-65.1027,1150.19587882678
"439","MDZ-RCQ","MDZ","RCQ",3,0.998603324635084,1.17367677724006e-05,-32.8316993713,-68.7929000854,-29.2103,-59.68,956.710635967852
"440","MDZ-VME","MDZ","VME",3,0.998615061402857,1.17367677724006e-05,-32.8316993713,-68.7929000854,-33.7299003601,-65.3873977661,331.929532926063
"441","NQN-RDS","NQN","RDS",3,0.998626798170629,1.17367677724006e-05,-38.9490013123,-68.1557006836,-37.3905982971,-68.9041976929,185.226750145644
"442","OYA-RCQ","OYA","RCQ",3,0.998638534938401,1.17367677724006e-05,-29.1058,-59.2189,-29.2103,-59.68,46.257924775735
"443","OYA-ROS","OYA","ROS",3,0.998650271706174,1.17367677724006e-05,-29.1058,-59.2189,-32.9036,-60.785,447.879118311547
"444","PRA-SLA","PRA","SLA",3,0.998662008473946,1.17367677724006e-05,-31.7948,-60.4804,-24.8560009003,-65.4861984253,913.670574370117
"445","PSS-SFN","PSS","SFN",3,0.998673745241719,1.17367677724006e-05,-27.3858,-55.9707,-31.7117,-60.8117,671.140927998795
"446","RCQ-RES","RCQ","RES",3,0.998685482009491,1.17367677724006e-05,-29.2103,-59.68,-27.45,-59.0561,205.039440679955
"447","RCU-VME","RCU","VME",3,0.998697218777264,1.17367677724006e-05,-33.0850982666,-64.2612991333,-33.7299003601,-65.3873977661,126.753174997124
"448","REL-ROS","REL","ROS",3,0.998708955545036,1.17367677724006e-05,-43.2105,-65.2703,-32.9036,-60.785,1210.98929445669
"449","SFN-SFN","SFN","SFN",3,0.998720692312808,1.17367677724006e-05,-31.7117,-60.8117,-31.7117,-60.8117,0
"450","TDL-TDL","TDL","TDL",3,0.998732429080581,1.17367677724006e-05,-37.2374000549,-59.2279014587,-37.2374000549,-59.2279014587,0
"451","AEP-CSZ","AEP","CSZ",2,0.998740253592429,7.82451184826707e-06,-34.5592,-58.4156,-37.4333000183,-61.8833007812,446.535014835745
"452","AEP-CUT","AEP","CUT",2,0.998748078104277,7.82451184826707e-06,-34.5592,-58.4156,-38.9397010803,-69.2646026611,1081.36885798426
"453","AEP-EPA","AEP","EPA",2,0.998755902616126,7.82451184826707e-06,-34.5592,-58.4156,-34.6099,-58.6126,18.8951011589947
"454","AEP-ORA","AEP","ORA",2,0.998763727127974,7.82451184826707e-06,-34.5592,-58.4156,-23.1527996063,-64.3292007446,1392.18683055253
"455","AEP-PRQ","AEP","PRQ",2,0.998771551639822,7.82451184826707e-06,-34.5592,-58.4156,-26.753611,-60.492222,890.31095409334
"456","AEP-SST","AEP","SST",2,0.99877937615167,7.82451184826707e-06,-34.5592,-58.4156,-36.5423,-56.7218,268.513421798145
"457","AFA-BRC","AFA","BRC",2,0.998787200663519,7.82451184826707e-06,-34.588299,-68.4039,-41.1511993408,-71.1575012207,768.628107962194
"458","BHI-LPG","BHI","LPG",2,0.998795025175367,7.82451184826707e-06,-38.725,-62.1693,-34.9722,-57.8947,564.483232122953
"459","BHI-MDZ","BHI","MDZ",2,0.998802849687215,7.82451184826707e-06,-38.725,-62.1693,-32.8316993713,-68.7929000854,886.291784575513
"460","BHI-PSS","BHI","PSS",2,0.998810674199063,7.82451184826707e-06,-38.725,-62.1693,-27.3858,-55.9707,1385.97439522793
"461","BRC-PMQ","BRC","PMQ",2,0.998818498710912,7.82451184826707e-06,-41.1511993408,-71.1575012207,-46.5378990173,-70.9786987305,599.144813729641
"462","BRC-RGA","BRC","RGA",2,0.99882632322276,7.82451184826707e-06,-41.1511993408,-71.1575012207,-53.7777,-67.7494,1426.75650673923
"463","BRC-SDE","BRC","SDE",2,0.998834147734608,7.82451184826707e-06,-41.1511993408,-71.1575012207,-27.7655563354,-64.3099975586,1614.01235987488
"464","CNQ-COC","CNQ","COC",2,0.998841972246456,7.82451184826707e-06,-27.4455,-58.7619,-31.2969,-57.9966,434.624933438178
"465","CNQ-MDZ","CNQ","MDZ",2,0.998849796758305,7.82451184826707e-06,-27.4455,-58.7619,-32.8316993713,-68.7929000854,1134.54604863354
"466","CNQ-RCQ","CNQ","RCQ",2,0.998857621270153,7.82451184826707e-06,-27.4455,-58.7619,-29.2103,-59.68,215.830826887725
"467","COC-RCU","COC","RCU",2,0.998865445782001,7.82451184826707e-06,-31.2969,-57.9966,-33.0850982666,-64.2612991333,622.020173752318
"468","COC-SLA","COC","SLA",2,0.99887327029385,7.82451184826707e-06,-31.2969,-57.9966,-24.8560009003,-65.4861984253,1025.49645682248
"469","COR-PMY","COR","PMY",2,0.998881094805698,7.82451184826707e-06,-31.323601,-64.208,-42.7592,-65.1027,1274.03541742714
"470","COR-PRQ","COR","PRQ",2,0.998888919317546,7.82451184826707e-06,-31.323601,-64.208,-26.753611,-60.492222,623.357142042704
"471","COR-RGL","COR","RGL",2,0.998896743829394,7.82451184826707e-06,-31.323601,-64.208,-51.6089,-69.3126,2293.97480920247
"472","CPC-FMA","CPC","FMA",2,0.998904568341243,7.82451184826707e-06,-40.0754013062,-71.137298584,-26.2127,-58.2281,1950.04851349613
"473","CSZ-MDZ","CSZ","MDZ",2,0.998912392853091,7.82451184826707e-06,-37.4333000183,-61.8833007812,-32.8316993713,-68.7929000854,809.901630572697
"474","CTC-JUJ","CTC","JUJ",2,0.998920217364939,7.82451184826707e-06,-28.5956001282,-65.751701355,-24.3927993774,-65.0978012085,471.835546290404
"475","CTC-MDQ","CTC","MDQ",2,0.998928041876787,7.82451184826707e-06,-28.5956001282,-65.751701355,-37.9342,-57.5733,1285.78334238526
"476","CTC-UAQ","CTC","UAQ",2,0.998935866388636,7.82451184826707e-06,-28.5956001282,-65.751701355,-31.571501,-68.418198,418.67524106097
"477","EHL-NQN","EHL","NQN",2,0.998943690900484,7.82451184826707e-06,-41.9431991577,-71.5323028564,-38.9490013123,-68.1557006836,438.659956882242
"478","ELO-FDO","ELO","FDO",2,0.998951515412332,7.82451184826707e-06,-26.3974990845,-54.5746994019,-34.4532,-58.5896,974.706700917408
"479","EPA-LPG","EPA","LPG",2,0.998959339924181,7.82451184826707e-06,-34.6099,-58.6126,-34.9722,-57.8947,76.9454618333511
"480","EQS-FMA","EQS","FMA",2,0.998967164436029,7.82451184826707e-06,-42.908000946,-71.139503479,-26.2127,-58.2281,2195.04700922063
"481","EQS-FTE","EQS","FTE",2,0.998974988947877,7.82451184826707e-06,-42.908000946,-71.139503479,-50.2803,-72.053101,822.711254618726
"482","EQS-SLA","EQS","SLA",2,0.998982813459725,7.82451184826707e-06,-42.908000946,-71.139503479,-24.8560009003,-65.4861984253,2072.71971691393
"483","EZE-GPO","EZE","GPO",2,0.998990637971574,7.82451184826707e-06,-34.8222,-58.5358,-35.6962013245,-63.7583007812,483.974400951443
"484","EZE-RCU","EZE","RCU",2,0.998998462483422,7.82451184826707e-06,-34.8222,-58.5358,-33.0850982666,-64.2612991333,562.198834595027
"485","EZE-TDL","EZE","TDL",2,0.99900628699527,7.82451184826707e-06,-34.8222,-58.5358,-37.2374000549,-59.2279014587,275.672506943714
"486","FDO-RLO","FDO","RLO",2,0.999014111507118,7.82451184826707e-06,-34.4532,-58.5896,-32.3847007751,-65.1865005493,653.871931000205
"487","FDO-VDR","FDO","VDR",2,0.999021936018967,7.82451184826707e-06,-34.4532,-58.5896,-31.9451999664,-65.1463012695,670.593997994561
"488","FMA-PRA","FMA","PRA",2,0.999029760530815,7.82451184826707e-06,-26.2127,-58.2281,-31.7948,-60.4804,658.158147064649
"489","FMA-UAQ","FMA","UAQ",2,0.999037585042663,7.82451184826707e-06,-26.2127,-58.2281,-31.571501,-68.418198,1156.39573783618
"490","FTE-IGR","FTE","IGR",2,0.999045409554511,7.82451184826707e-06,-50.2803,-72.053101,-25.7373008728,-54.473400116,3115.91793068243
"491","FTE-MDZ","FTE","MDZ",2,0.99905323406636,7.82451184826707e-06,-50.2803,-72.053101,-32.8316993713,-68.7929000854,1958.57612997927
"492","FTE-NQN","FTE","NQN",2,0.999061058578208,7.82451184826707e-06,-50.2803,-72.053101,-38.9490013123,-68.1557006836,1296.72204932847
"493","FTE-PMY","FTE","PMY",2,0.999068883090056,7.82451184826707e-06,-50.2803,-72.053101,-42.7592,-65.1027,990.090134624153
"494","FTE-RYO","FTE","RYO",2,0.999076707601904,7.82451184826707e-06,-50.2803,-72.053101,-51.605,-72.2203,147.764892956626
"495","GHU-MDQ","GHU","MDQ",2,0.999084532113753,7.82451184826707e-06,-33.0103,-58.6131,-37.9342,-57.5733,555.538101079401
"496","GPO-MDQ","GPO","MDQ",2,0.999092356625601,7.82451184826707e-06,-35.6962013245,-63.7583007812,-37.9342,-57.5733,604.040114513083
"497","GPO-MDZ","GPO","MDZ",2,0.999100181137449,7.82451184826707e-06,-35.6962013245,-63.7583007812,-32.8316993713,-68.7929000854,561.572370373911
"498","IGR-IGR","IGR","IGR",2,0.999108005649298,7.82451184826707e-06,-25.7373008728,-54.473400116,-25.7373008728,-54.473400116,0
"499","IGR-PMY","IGR","PMY",2,0.999115830161146,7.82451184826707e-06,-25.7373008728,-54.473400116,-42.7592,-65.1027,2125.85515909445
"500","IGR-PRA","IGR","PRA",2,0.999123654672994,7.82451184826707e-06,-25.7373008728,-54.473400116,-31.7948,-60.4804,892.097045671109
"501","IGR-USH","IGR","USH",2,0.999131479184842,7.82451184826707e-06,-25.7373008728,-54.473400116,-54.8433,-68.2958,3428.02975952216
"502","IRJ-IRJ","IRJ","IRJ",2,0.999139303696691,7.82451184826707e-06,-29.3815994263,-66.7957992554,-29.3815994263,-66.7957992554,0
"503","JUJ-MDZ","JUJ","MDZ",2,0.999147128208539,7.82451184826707e-06,-24.3927993774,-65.0978012085,-32.8316993713,-68.7929000854,1005.07390986567
"504","JUJ-SDE","JUJ","SDE",2,0.999154952720387,7.82451184826707e-06,-24.3927993774,-65.0978012085,-27.7655563354,-64.3099975586,383.1940858218
"505","LPG-MDZ","LPG","MDZ",2,0.999162777232235,7.82451184826707e-06,-34.9722,-57.8947,-32.8316993713,-68.7929000854,1032.98993826413
"506","LPG-PSS","LPG","PSS",2,0.999170601744084,7.82451184826707e-06,-34.9722,-57.8947,-27.3858,-55.9707,863.138260688454
"507","LPG-TDL","LPG","TDL",2,0.999178426255932,7.82451184826707e-06,-34.9722,-57.8947,-37.2374000549,-59.2279014587,278.896903577164
"508","LPG-VDM","LPG","VDM",2,0.99918625076778,7.82451184826707e-06,-34.9722,-57.8947,-40.8692,-63.0004,793.720290489986
"509","LUQ-MDQ","LUQ","MDQ",2,0.999194075279628,7.82451184826707e-06,-33.2732009888,-66.3563995361,-37.9342,-57.5733,947.551366822485
"510","MDQ-PSS","MDQ","PSS",2,0.999201899791477,7.82451184826707e-06,-37.9342,-57.5733,-27.3858,-55.9707,1182.42393468611
"511","MDZ-OVR","MDZ","OVR",2,0.999209724303325,7.82451184826707e-06,-32.8316993713,-68.7929000854,-36.8899993896,-60.2165985107,902.743676871221
"512","MDZ-RSA","MDZ","RSA",2,0.999217548815173,7.82451184826707e-06,-32.8316993713,-68.7929000854,-36.588299,-64.275703,587.195005728583
"513","NQN-OVR","NQN","OVR",2,0.999225373327022,7.82451184826707e-06,-38.9490013123,-68.1557006836,-36.8899993896,-60.2165985107,732.778026225472
"514","NQN-SDE","NQN","SDE",2,0.99923319783887,7.82451184826707e-06,-38.9490013123,-68.1557006836,-27.7655563354,-64.3099975586,1293.45416058014
"515","NQN-SFN","NQN","SFN",2,0.999241022350718,7.82451184826707e-06,-38.9490013123,-68.1557006836,-31.7117,-60.8117,1043.929941603
"516","NQN-SLA","NQN","SLA",2,0.999248846862566,7.82451184826707e-06,-38.9490013123,-68.1557006836,-24.8560009003,-65.4861984253,1586.98264102982
"517","NQN-VLG","NQN","VLG",2,0.999256671374415,7.82451184826707e-06,-38.9490013123,-68.1557006836,-37.2354,-57.0292,991.502554144043
"518","ORA-SLA","ORA","SLA",2,0.999264495886263,7.82451184826707e-06,-23.1527996063,-64.3292007446,-24.8560009003,-65.4861984253,222.885959884141
"519","OVR-UAQ","OVR","UAQ",2,0.999272320398111,7.82451184826707e-06,-36.8899993896,-60.2165985107,-31.571501,-68.418198,957.590067150001
"520","OYO-ROS","OYO","ROS",2,0.999280144909959,7.82451184826707e-06,-38.3869,-60.3297,-32.9036,-60.785,611.098924416205
"521","OYO-UAQ","OYO","UAQ",2,0.999287969421808,7.82451184826707e-06,-38.3869,-60.3297,-31.571501,-68.418198,1056.17639926808
"522","PRA-PRA","PRA","PRA",2,0.999295793933656,7.82451184826707e-06,-31.7948,-60.4804,-31.7948,-60.4804,0
"523","PRA-RAF","PRA","RAF",2,0.999303618445504,7.82451184826707e-06,-31.7948,-60.4804,-31.2825,-61.5017,112.30704042202
"524","PRA-RCU","PRA","RCU",2,0.999311442957353,7.82451184826707e-06,-31.7948,-60.4804,-33.0850982666,-64.2612991333,382.690413431858
"525","PRA-SDE","PRA","SDE",2,0.999319267469201,7.82451184826707e-06,-31.7948,-60.4804,-27.7655563354,-64.3099975586,580.696744853933
"526","PSS-RCU","PSS","RCU",2,0.999327091981049,7.82451184826707e-06,-27.3858,-55.9707,-33.0850982666,-64.2612991333,1017.1699510567
"527","PSS-SLA","PSS","SLA",2,0.999334916492897,7.82451184826707e-06,-27.3858,-55.9707,-24.8560009003,-65.4861984253,990.452021207023
"528","RAF-SFN","RAF","SFN",2,0.999342741004746,7.82451184826707e-06,-31.2825,-61.5017,-31.7117,-60.8117,80.9780032874147
"529","RCQ-SFN","RCQ","SFN",2,0.999350565516594,7.82451184826707e-06,-29.2103,-59.68,-31.7117,-60.8117,298.538795990933
"530","RCU-SLA","RCU","SLA",2,0.999358390028442,7.82451184826707e-06,-33.0850982666,-64.2612991333,-24.8560009003,-65.4861984253,922.734486095753
"531","RCU-TUC","RCU","TUC",2,0.99936621454029,7.82451184826707e-06,-33.0850982666,-64.2612991333,-26.8409,-65.104897,699.053542250204
"532","REL-REL","REL","REL",2,0.999374039052139,7.82451184826707e-06,-43.2105,-65.2703,-43.2105,-65.2703,0
"533","REL-ROY","REL","ROY",2,0.999381863563987,7.82451184826707e-06,-43.2105,-65.2703,-45.7038993835,-70.2455978394,482.343800179637
"534","RES-SFN","RES","SFN",2,0.999389688075835,7.82451184826707e-06,-27.45,-59.0561,-31.7117,-60.8117,503.345551565685
"535","RGA-RGA","RGA","RGA",2,0.999397512587683,7.82451184826707e-06,-53.7777,-67.7494,-53.7777,-67.7494,0
"536","RGA-VDM","RGA","VDM",2,0.999405337099532,7.82451184826707e-06,-53.7777,-67.7494,-40.8692,-63.0004,1478.47404632828
"537","RGL-RYO","RGL","RYO",2,0.99941316161138,7.82451184826707e-06,-51.6089,-69.3126,-51.605,-72.2203,200.786917822255
"538","RGL-VDM","RGL","VDM",2,0.999420986123228,7.82451184826707e-06,-51.6089,-69.3126,-40.8692,-63.0004,1287.90780212387
"539","SDE-UAQ","SDE","UAQ",2,0.999428810635076,7.82451184826707e-06,-27.7655563354,-64.3099975586,-31.571501,-68.418198,580.101752823398
"540","SST-VLG","SST","VLG",2,0.999436635146925,7.82451184826707e-06,-36.5423,-56.7218,-37.2354,-57.0292,81.7741893847236
"541","UAQ-UAQ","UAQ","UAQ",2,0.999444459658773,7.82451184826707e-06,-31.571501,-68.418198,-31.571501,-68.418198,0
"542","UAQ-VME","UAQ","VME",2,0.999452284170621,7.82451184826707e-06,-31.571501,-68.418198,-33.7299003601,-65.3873977661,371.605909599625
"543","AEP-EHL","AEP","EHL",1,0.999456196426545,3.91225592413353e-06,-34.5592,-58.4156,-41.9431991577,-71.5323028564,1406.63343188937
"544","AEP-ELO","AEP","ELO",1,0.99946010868247,3.91225592413353e-06,-34.5592,-58.4156,-26.3974990845,-54.5746994019,979.094516637589
"545","AEP-JNI","AEP","JNI",1,0.999464020938394,3.91225592413353e-06,-34.5592,-58.4156,-34.5459,-60.9306,230.324630072432
"546","AEP-OES","AEP","OES",1,0.999467933194318,3.91225592413353e-06,-34.5592,-58.4156,-40.7512,-65.0343,901.384938298968
"547","AEP-VDR","AEP","VDR",1,0.999471845450242,3.91225592413353e-06,-34.5592,-58.4156,-31.9451999664,-65.1463012695,689.867105258349
"548","AFA-EZE","AFA","EZE",1,0.999475757706166,3.91225592413353e-06,-34.588299,-68.4039,-34.8222,-58.5358,902.078543260088
"549","AFA-LGS","AFA","LGS",1,0.99947966996209,3.91225592413353e-06,-34.588299,-68.4039,-35.493598938,-69.5743026733,146.58207697664
"550","AFA-NQN","AFA","NQN",1,0.999483582218014,3.91225592413353e-06,-34.588299,-68.4039,-38.9490013123,-68.1557006836,485.391059326001
"551","AFA-PSS","AFA","PSS",1,0.999487494473938,3.91225592413353e-06,-34.588299,-68.4039,-27.3858,-55.9707,1428.56307665131
"552","AFA-RCU","AFA","RCU",1,0.999491406729863,3.91225592413353e-06,-34.588299,-68.4039,-33.0850982666,-64.2612991333,417.486604068741
"553","BHI-BHI","BHI","BHI",1,0.999495318985787,3.91225592413353e-06,-38.725,-62.1693,-38.725,-62.1693,0
"554","BHI-CSZ","BHI","CSZ",1,0.999499231241711,3.91225592413353e-06,-38.725,-62.1693,-37.4333000183,-61.8833007812,145.79537148686
"555","BHI-CTC","BHI","CTC",1,0.999503143497635,3.91225592413353e-06,-38.725,-62.1693,-28.5956001282,-65.751701355,1173.83478838727
"556","BHI-EQS","BHI","EQS",1,0.999507055753559,3.91225592413353e-06,-38.725,-62.1693,-42.908000946,-71.139503479,885.921017328071
"557","BHI-GPO","BHI","GPO",1,0.999510968009483,3.91225592413353e-06,-38.725,-62.1693,-35.6962013245,-63.7583007812,364.985018706294
"558","BHI-LUQ","BHI","LUQ",1,0.999514880265407,3.91225592413353e-06,-38.725,-62.1693,-33.2732009888,-66.3563995361,713.494992578307
"559","BHI-OVR","BHI","OVR",1,0.999518792521332,3.91225592413353e-06,-38.725,-62.1693,-36.8899993896,-60.2165985107,266.560482220998
"560","BHI-OYO","BHI","OYO",1,0.999522704777256,3.91225592413353e-06,-38.725,-62.1693,-38.3869,-60.3297,164.316611431102
"561","BHI-RES","BHI","RES",1,0.99952661703318,3.91225592413353e-06,-38.725,-62.1693,-27.45,-59.0561,1286.59125259544
"562","BHI-SLA","BHI","SLA",1,0.999530529289104,3.91225592413353e-06,-38.725,-62.1693,-24.8560009003,-65.4861984253,1573.37151229958
"563","BHI-ULA","BHI","ULA",1,0.999534441545028,3.91225592413353e-06,-38.725,-62.1693,-49.3068,-67.8026,1259.02119929611
"564","BRC-EPA","BRC","EPA",1,0.999538353800952,3.91225592413353e-06,-41.1511993408,-71.1575012207,-34.6099,-58.6126,1317.47015911384
"565","BRC-NEC","BRC","NEC",1,0.999542266056876,3.91225592413353e-06,-41.1511993408,-71.1575012207,-38.4831,-58.8172,1093.83052445736
"566","BRC-OES","BRC","OES",1,0.9995461783128,3.91225592413353e-06,-41.1511993408,-71.1575012207,-40.7512,-65.0343,516.050298714144
"567","BRC-RLO","BRC","RLO",1,0.999550090568725,3.91225592413353e-06,-41.1511993408,-71.1575012207,-32.3847007751,-65.1865005493,1109.74095443267
"568","CNQ-LPG","CNQ","LPG",1,0.999554002824649,3.91225592413353e-06,-27.4455,-58.7619,-34.9722,-57.8947,840.972375640964
"569","CNQ-MDQ","CNQ","MDQ",1,0.999557915080573,3.91225592413353e-06,-27.4455,-58.7619,-37.9342,-57.5733,1171.54937707014
"570","CNQ-MDX","CNQ","MDX",1,0.999561827336497,3.91225592413353e-06,-27.4455,-58.7619,-29.2213993073,-58.0877990723,208.199596583694
"571","CNQ-SDE","CNQ","SDE",1,0.999565739592421,3.91225592413353e-06,-27.4455,-58.7619,-27.7655563354,-64.3099975586,547.79946887805
"572","CNQ-TUC","CNQ","TUC",1,0.999569651848345,3.91225592413353e-06,-27.4455,-58.7619,-26.8409,-65.104897,631.151471423123
"573","CNQ-UAQ","CNQ","UAQ",1,0.999573564104269,3.91225592413353e-06,-27.4455,-58.7619,-31.571501,-68.418198,1040.40473598458
"574","COC-ELO","COC","ELO",1,0.999577476360194,3.91225592413353e-06,-31.2969,-57.9966,-26.3974990845,-54.5746994019,638.540733480674
"575","COC-IGR","COC","IGR",1,0.999581388616118,3.91225592413353e-06,-31.2969,-57.9966,-25.7373008728,-54.473400116,707.447198983882
"576","COC-LPG","COC","LPG",1,0.999585300872042,3.91225592413353e-06,-31.2969,-57.9966,-34.9722,-57.8947,408.784758143558
"577","COC-MDQ","COC","MDQ",1,0.999589213127966,3.91225592413353e-06,-31.2969,-57.9966,-37.9342,-57.5733,739.04720454512
"578","COC-OES","COC","OES",1,0.99959312538389,3.91225592413353e-06,-31.2969,-57.9966,-40.7512,-65.0343,1226.05585842673
"579","COC-ROS","COC","ROS",1,0.999597037639814,3.91225592413353e-06,-31.2969,-57.9966,-32.9036,-60.785,317.634923671622
"580","COR-CPC","COR","CPC",1,0.999600949895738,3.91225592413353e-06,-31.323601,-64.208,-40.0754013062,-71.137298584,1156.0482532799
"581","COR-GHU","COR","GHU",1,0.999604862151663,3.91225592413353e-06,-31.323601,-64.208,-33.0103,-58.6131,558.934080183403
"582","COR-LCM","COR","LCM",1,0.999608774407587,3.91225592413353e-06,-31.323601,-64.208,-31.0058002472,-64.5318984985,46.8883412475707
"583","COR-LGS","COR","LGS",1,0.999612686663511,3.91225592413353e-06,-31.323601,-64.208,-35.493598938,-69.5743026733,680.298959887471
"584","COR-MDX","COR","MDX",1,0.999616598919435,3.91225592413353e-06,-31.323601,-64.208,-29.2213993073,-58.0877990723,632.386393005866
"585","COR-PEH","COR","PEH",1,0.999620511175359,3.91225592413353e-06,-31.323601,-64.208,-35.8446,-61.8576,547.78191988888
"586","COR-RAF","COR","RAF",1,0.999624423431283,3.91225592413353e-06,-31.323601,-64.208,-31.2825,-61.5017,257.155412950226
"587","COR-VDR","COR","VDR",1,0.999628335687207,3.91225592413353e-06,-31.323601,-64.208,-31.9451999664,-65.1463012695,112.553162519351
"588","CPC-MDQ","CPC","MDQ",1,0.999632247943131,3.91225592413353e-06,-40.0754013062,-71.137298584,-37.9342,-57.5733,1194.72327010084
"589","CPC-USH","CPC","USH",1,0.999636160199056,3.91225592413353e-06,-40.0754013062,-71.137298584,-54.8433,-68.2958,1655.60125531289
"590","CPC-VDM","CPC","VDM",1,0.99964007245498,3.91225592413353e-06,-40.0754013062,-71.137298584,-40.8692,-63.0004,693.662756039164
"591","CRD-NEC","CRD","NEC",1,0.999643984710904,3.91225592413353e-06,-45.7853,-67.4655,-38.4831,-58.8172,1079.36816342933
"592","CRD-RYO","CRD","RYO",1,0.999647896966828,3.91225592413353e-06,-45.7853,-67.4655,-51.605,-72.2203,734.849265594369
"593","CRR-EZE","CRR","EZE",1,0.999651809222752,3.91225592413353e-06,-29.872292,-61.927925,-34.8222,-58.5358,635.876510589143
"594","CTC-IGR","CTC","IGR",1,0.999655721478676,3.91225592413353e-06,-28.5956001282,-65.751701355,-25.7373008728,-54.473400116,1159.56701947082
"595","CTC-LUQ","CTC","LUQ",1,0.9996596337346,3.91225592413353e-06,-28.5956001282,-65.751701355,-33.2732009888,-66.3563995361,523.309734013817
"596","CTC-TTG","CTC","TTG",1,0.999663545990525,3.91225592413353e-06,-28.5956001282,-65.751701355,-22.619600296,-63.7937011719,692.855513983513
"597","EHL-FDO","EHL","FDO",1,0.999667458246449,3.91225592413353e-06,-41.9431991577,-71.5323028564,-34.4532,-58.5896,1401.96713416273
"598","EPA-EZE","EPA","EZE",1,0.999671370502373,3.91225592413353e-06,-34.6099,-58.6126,-34.8222,-58.5358,24.6282266988795
"599","EPA-SFN","EPA","SFN",1,0.999675282758297,3.91225592413353e-06,-34.6099,-58.6126,-31.7117,-60.8117,381.754934452108
"600","EQS-ROS","EQS","ROS",1,0.999679195014221,3.91225592413353e-06,-42.908000946,-71.139503479,-32.9036,-60.785,1433.88915418555
"601","EZE-JNI","EZE","JNI",1,0.999683107270145,3.91225592413353e-06,-34.8222,-58.5358,-34.5459,-60.9306,221.109820524551
"602","EZE-OVR","EZE","OVR",1,0.999687019526069,3.91225592413353e-06,-34.8222,-58.5358,-36.8899993896,-60.2165985107,275.328502288331
"603","EZE-RLO","EZE","RLO",1,0.999690931781993,3.91225592413353e-06,-34.8222,-58.5358,-32.3847007751,-65.1865005493,672.741193026931
"604","EZE-RYO","EZE","RYO",1,0.999694844037918,3.91225592413353e-06,-34.8222,-58.5358,-51.605,-72.2203,2162.73311808608
"605","EZE-RZA","EZE","RZA",1,0.999698756293842,3.91225592413353e-06,-34.8222,-58.5358,-50.0165,-68.5792,1876.00227551847
"606","FDO-LCM","FDO","LCM",1,0.999702668549766,3.91225592413353e-06,-34.4532,-58.5896,-31.0058002472,-64.5318984985,674.996935260321
"607","FDO-PEH","FDO","PEH",1,0.99970658080569,3.91225592413353e-06,-34.4532,-58.5896,-35.8446,-61.8576,334.965253256786
"608","FDO-PMQ","FDO","PMQ",1,0.999710493061614,3.91225592413353e-06,-34.4532,-58.5896,-46.5378990173,-70.9786987305,1699.51588716517
"609","FDO-PUD","FDO","PUD",1,0.999714405317538,3.91225592413353e-06,-34.4532,-58.5896,-47.7353,-65.9041,1597.24455969581
"610","FMA-PRQ","FMA","PRQ",1,0.999718317573462,3.91225592413353e-06,-26.2127,-58.2281,-26.753611,-60.492222,233.225346038865
"611","FMA-SDE","FMA","SDE",1,0.999722229829387,3.91225592413353e-06,-26.2127,-58.2281,-27.7655563354,-64.3099975586,626.786694657903
"612","FTE-SLA","FTE","SLA",1,0.999726142085311,3.91225592413353e-06,-50.2803,-72.053101,-24.8560009003,-65.4861984253,2882.99244449401
"613","GHU-GHU","GHU","GHU",1,0.999730054341235,3.91225592413353e-06,-33.0103,-58.6131,-33.0103,-58.6131,0
"614","GNR-MDZ","GNR","MDZ",1,0.999733966597159,3.91225592413353e-06,-39.0007019043,-67.6204986572,-32.8316993713,-68.7929000854,694.019263027365
"615","GNR-UAQ","GNR","UAQ",1,0.999737878853083,3.91225592413353e-06,-39.0007019043,-67.6204986572,-31.571501,-68.418198,829.245248787456
"616","GPO-GPO","GPO","GPO",1,0.999741791109007,3.91225592413353e-06,-35.6962013245,-63.7583007812,-35.6962013245,-63.7583007812,0
"617","GPO-RCU","GPO","RCU",1,0.999745703364931,3.91225592413353e-06,-35.6962013245,-63.7583007812,-33.0850982666,-64.2612991333,293.98550924656
"618","GPO-RES","GPO","RES",1,0.999749615620855,3.91225592413353e-06,-35.6962013245,-63.7583007812,-27.45,-59.0561,1019.04202030948
"619","GPO-VDM","GPO","VDM",1,0.99975352787678,3.91225592413353e-06,-35.6962013245,-63.7583007812,-40.8692,-63.0004,578.995285675723
"620","IGR-JUJ","IGR","JUJ",1,0.999757440132704,3.91225592413353e-06,-25.7373008728,-54.473400116,-24.3927993774,-65.0978012085,1080.20491747653
"621","IRJ-PRA","IRJ","PRA",1,0.999761352388628,3.91225592413353e-06,-29.3815994263,-66.7957992554,-31.7948,-60.4804,661.243961200468
"622","IRJ-RCU","IRJ","RCU",1,0.999765264644552,3.91225592413353e-06,-29.3815994263,-66.7957992554,-33.0850982666,-64.2612991333,477.087451931818
"623","IRJ-ROS","IRJ","ROS",1,0.999769176900476,3.91225592413353e-06,-29.3815994263,-66.7957992554,-32.9036,-60.785,693.046955664459
"624","IRJ-SDE","IRJ","SDE",1,0.9997730891564,3.91225592413353e-06,-29.3815994263,-66.7957992554,-27.7655563354,-64.3099975586,302.002045561961
"625","LCM-RCU","LCM","RCU",1,0.999777001412324,3.91225592413353e-06,-31.0058002472,-64.5318984985,-33.0850982666,-64.2612991333,232.609503816092
"626","LCM-RES","LCM","RES",1,0.999780913668249,3.91225592413353e-06,-31.0058002472,-64.5318984985,-27.45,-59.0561,662.154252715241
"627","LGS-SLA","LGS","SLA",1,0.999784825924173,3.91225592413353e-06,-35.493598938,-69.5743026733,-24.8560009003,-65.4861984253,1246.05299757648
"628","LGS-UAQ","LGS","UAQ",1,0.999788738180097,3.91225592413353e-06,-35.493598938,-69.5743026733,-31.571501,-68.418198,449.077656523969
"629","LPG-LPG","LPG","LPG",1,0.999792650436021,3.91225592413353e-06,-34.9722,-57.8947,-34.9722,-57.8947,0
"630","LPG-TUC","LPG","TUC",1,0.999796562691945,3.91225592413353e-06,-34.9722,-57.8947,-26.8409,-65.104897,1135.29259290897
"631","LUQ-NQN","LUQ","NQN",1,0.999800474947869,3.91225592413353e-06,-33.2732009888,-66.3563995361,-38.9490013123,-68.1557006836,651.446149012746
"632","LUQ-RCU","LUQ","RCU",1,0.999804387203793,3.91225592413353e-06,-33.2732009888,-66.3563995361,-33.0850982666,-64.2612991333,196.098022494186
"633","LUQ-RSA","LUQ","RSA",1,0.999808299459717,3.91225592413353e-06,-33.2732009888,-66.3563995361,-36.588299,-64.275703,414.530261657831
"634","LUQ-SDE","LUQ","SDE",1,0.999812211715642,3.91225592413353e-06,-33.2732009888,-66.3563995361,-27.7655563354,-64.3099975586,642.981228666961
"635","LUQ-SFN","LUQ","SFN",1,0.999816123971566,3.91225592413353e-06,-33.2732009888,-66.3563995361,-31.7117,-60.8117,548.161618829164
"636","LUQ-VME","LUQ","VME",1,0.99982003622749,3.91225592413353e-06,-33.2732009888,-66.3563995361,-33.7299003601,-65.3873977661,103.205528609586
"637","MDQ-RAF","MDQ","RAF",1,0.999823948483414,3.91225592413353e-06,-37.9342,-57.5733,-31.2825,-61.5017,822.161309701138
"638","MDQ-RCU","MDQ","RCU",1,0.999827860739338,3.91225592413353e-06,-37.9342,-57.5733,-33.0850982666,-64.2612991333,810.247561590613
"639","MDQ-RGL","MDQ","RGL",1,0.999831772995262,3.91225592413353e-06,-37.9342,-57.5733,-51.6089,-69.3126,1775.72469231348
"640","MDQ-UAQ","MDQ","UAQ",1,0.999835685251186,3.91225592413353e-06,-37.9342,-57.5733,-31.571501,-68.418198,1216.05679598928
"641","MDX-PMY","MDX","PMY",1,0.99983959750711,3.91225592413353e-06,-29.2213993073,-58.0877990723,-42.7592,-65.1027,1630.76112363363
"642","MDX-PSS","MDX","PSS",1,0.999843509763035,3.91225592413353e-06,-29.2213993073,-58.0877990723,-27.3858,-55.9707,290.881688194464
"643","MDX-RES","MDX","RES",1,0.999847422018959,3.91225592413353e-06,-29.2213993073,-58.0877990723,-27.45,-59.0561,218.58009336577
"644","MDZ-NEC","MDZ","NEC",1,0.999851334274883,3.91225592413353e-06,-32.8316993713,-68.7929000854,-38.4831,-58.8172,1097.64751213752
"645","MDZ-RDS","MDZ","RDS",1,0.999855246530807,3.91225592413353e-06,-32.8316993713,-68.7929000854,-37.3905982971,-68.9041976929,507.027380311082
"646","MDZ-TDL","MDZ","TDL",1,0.999859158786731,3.91225592413353e-06,-32.8316993713,-68.7929000854,-37.2374000549,-59.2279014587,998.445381634775
"647","MDZ-USH","MDZ","USH",1,0.999863071042655,3.91225592413353e-06,-32.8316993713,-68.7929000854,-54.8433,-68.2958,2447.88784391096
"648","MDZ-VLG","MDZ","VLG",1,0.999866983298579,3.91225592413353e-06,-32.8316993713,-68.7929000854,-37.2354,-57.0292,1176.53026578954
"649","NEC-PRA","NEC","PRA",1,0.999870895554504,3.91225592413353e-06,-38.4831,-58.8172,-31.7948,-60.4804,758.883574986537
"650","NEC-REL","NEC","REL",1,0.999874807810428,3.91225592413353e-06,-38.4831,-58.8172,-43.2105,-65.2703,755.16749955773
"651","NQN-OYO","NQN","OYO",1,0.999878720066352,3.91225592413353e-06,-38.9490013123,-68.1557006836,-38.3869,-60.3297,682.099142669146
"652","NQN-PRA","NQN","PRA",1,0.999882632322276,3.91225592413353e-06,-38.9490013123,-68.1557006836,-31.7948,-60.4804,1056.08362486554
"653","NQN-RCU","NQN","RCU",1,0.9998865445782,3.91225592413353e-06,-38.9490013123,-68.1557006836,-33.0850982666,-64.2612991333,739.959013735624
"654","NQN-TUC","NQN","TUC",1,0.999890456834124,3.91225592413353e-06,-38.9490013123,-68.1557006836,-26.8409,-65.104897,1375.91113499058
"655","NQN-VME","NQN","VME",1,0.999894369090048,3.91225592413353e-06,-38.9490013123,-68.1557006836,-33.7299003601,-65.3873977661,630.997791945645
"656","OVR-RES","OVR","RES",1,0.999898281345972,3.91225592413353e-06,-36.8899993896,-60.2165985107,-27.45,-59.0561,1055.31993568427
"657","OVR-ROS","OVR","ROS",1,0.999902193601897,3.91225592413353e-06,-36.8899993896,-60.2165985107,-32.9036,-60.785,446.285245050421
"658","OYO-VDM","OYO","VDM",1,0.999906105857821,3.91225592413353e-06,-38.3869,-60.3297,-40.8692,-63.0004,358.431262251521
"659","PEH-RSA","PEH","RSA",1,0.999910018113745,3.91225592413353e-06,-35.8446,-61.8576,-36.588299,-64.275703,232.149184596139
"660","PEH-SFN","PEH","SFN",1,0.999913930369669,3.91225592413353e-06,-35.8446,-61.8576,-31.7117,-60.8117,469.60416311374
"661","PMQ-PSS","PMQ","PSS",1,0.999917842625593,3.91225592413353e-06,-46.5378990173,-70.9786987305,-27.3858,-55.9707,2502.92762989072
"662","PMQ-REL","PMQ","REL",1,0.999921754881517,3.91225592413353e-06,-46.5378990173,-70.9786987305,-43.2105,-65.2703,582.166970748969
"663","PMY-TDL","PMY","TDL",1,0.999925667137441,3.91225592413353e-06,-42.7592,-65.1027,-37.2374000549,-59.2279014587,791.660594214612
"664","PRA-RSA","PRA","RSA",1,0.999929579393366,3.91225592413353e-06,-31.7948,-60.4804,-36.588299,-64.275703,637.00438234369
"665","PRA-VDM","PRA","VDM",1,0.99993349164929,3.91225592413353e-06,-31.7948,-60.4804,-40.8692,-63.0004,1033.83302931407
"666","PSS-RAF","PSS","RAF",1,0.999937403905214,3.91225592413353e-06,-27.3858,-55.9707,-31.2825,-61.5017,689.159575380816
"667","PSS-RCQ","PSS","RCQ",1,0.999941316161138,3.91225592413353e-06,-27.3858,-55.9707,-29.2103,-59.68,415.951195065754
"668","PSS-REL","PSS","REL",1,0.999945228417062,3.91225592413353e-06,-27.3858,-55.9707,-43.2105,-65.2703,1948.49788057307
"669","PUD-REL","PUD","REL",1,0.999949140672986,3.91225592413353e-06,-47.7353,-65.9041,-43.2105,-65.2703,505.550992302502
"670","RAF-SLA","RAF","SLA",1,0.99995305292891,3.91225592413353e-06,-31.2825,-61.5017,-24.8560009003,-65.4861984253,814.353000163303
"671","RCU-RLO","RCU","RLO",1,0.999956965184835,3.91225592413353e-06,-33.0850982666,-64.2612991333,-32.3847007751,-65.1865005493,116.422108808379
"672","RCU-RSA","RCU","RSA",1,0.999960877440759,3.91225592413353e-06,-33.0850982666,-64.2612991333,-36.588299,-64.275703,389.54036509352
"673","RCU-VDM","RCU","VDM",1,0.999964789696683,3.91225592413353e-06,-33.0850982666,-64.2612991333,-40.8692,-63.0004,872.7396575893
"674","RGA-UAQ","RGA","UAQ",1,0.999968701952607,3.91225592413353e-06,-53.7777,-67.7494,-31.571501,-68.418198,2469.79477394731
"675","RGL-ROS","RGL","ROS",1,0.999972614208531,3.91225592413353e-06,-51.6089,-69.3126,-32.9036,-60.785,2191.56593759507
"676","RLO-TUC","RLO","TUC",1,0.999976526464455,3.91225592413353e-06,-32.3847007751,-65.1865005493,-26.8409,-65.104897,616.49291738362
"677","RSA-TDL","RSA","TDL",1,0.999980438720379,3.91225592413353e-06,-36.588299,-64.275703,-37.2374000549,-59.2279014587,454.488256399621
"678","RSA-VDM","RSA","VDM",1,0.999984350976303,3.91225592413353e-06,-36.588299,-64.275703,-40.8692,-63.0004,488.682969883025
"679","SFN-TUC","SFN","TUC",1,0.999988263232228,3.91225592413353e-06,-31.7117,-60.8117,-26.8409,-65.104897,683.016475277552
"680","SFN-VDR","SFN","VDR",1,0.999992175488152,3.91225592413353e-06,-31.7117,-60.8117,-31.9451999664,-65.1463012695,410.304474090976
"681","SLA-TTG","SLA","TTG",1,0.999996087744076,3.91225592413353e-06,-24.8560009003,-65.4861984253,-22.619600296,-63.7937011719,302.510100463521
"682","TUC-VME","TUC","VME",1,1,3.91225592413353e-06,-26.8409,-65.104897,-33.7299003601,-65.3873977661,766.500839887208
